id	title	description	link	image_link	additional_image_link	availability	price	brand	condition	google_product_category	item_group_id	color	size	gender	age_group
98650bd8-5981-4055-8e14-5e144a04a23a	"Skull Floral Tank — ""Lake Erie Loot Crew"" Women's Spaghetti Strap Tank"	"Skull Floral Tank — ""Lake Erie Loot Crew"" Women's Spaghetti Strap Tank"	https://www.lakeerieclothing.com/product-page/skull-floral-tank-make-the-most-of-every-moment-womens-spaghetti-strap-tank	https://static.wixstatic.com/media/e35453_da7933887ca746fca2402f2d6a1f4e9f~mv2.jpeg		in stock	28.00 USD	Lake Erie Clothing Company	new	Apparel & Accessories > Clothing > Shirts & Tops	2d50ecb4-8320-40e2-ab5c-17883fe08b4c	Solid White Blend	L	female	adult
87cbe4d9-ea49-44c4-8d69-89613467912a	"Skull Floral Tank — ""Lake Erie Loot Crew"" Women's Spaghetti Strap Tank"	"Skull Floral Tank — ""Lake Erie Loot Crew"" Women's Spaghetti Strap Tank"	https://www.lakeerieclothing.com/product-page/skull-floral-tank-make-the-most-of-every-moment-womens-spaghetti-strap-tank	https://static.wixstatic.com/media/e35453_fc688b58d43d44bd8b8fadcef7acc6bc~mv2.jpeg		in stock	28.00 USD	Lake Erie Clothing Company	new	Apparel & Accessories > Clothing > Shirts & Tops	2d50ecb4-8320-40e2-ab5c-17883fe08b4c	Athletic Heather	XS	female	adult
16fbdc85-a91a-4242-bfc7-865d2f2b609c	"Skull Floral Tank — ""Lake Erie Loot Crew"" Women's Spaghetti Strap Tank"	"Skull Floral Tank — ""Lake Erie Loot Crew"" Women's Spaghetti Strap Tank"	https://www.lakeerieclothing.com/product-page/skull-floral-tank-make-the-most-of-every-moment-womens-spaghetti-strap-tank	https://static.wixstatic.com/media/e35453_da7933887ca746fca2402f2d6a1f4e9f~mv2.jpeg		in stock	28.00 USD	Lake Erie Clothing Company	new	Apparel & Accessories > Clothing > Shirts & Tops	2d50ecb4-8320-40e2-ab5c-17883fe08b4c	Solid White Blend	XS	female	adult
600b3383-f0c6-4c7c-b6c4-06daf04567a8	"Skull Floral Tank — ""Lake Erie Loot Crew"" Women's Spaghetti Strap Tank"	"Skull Floral Tank — ""Lake Erie Loot Crew"" Women's Spaghetti Strap Tank"	https://www.lakeerieclothing.com/product-page/skull-floral-tank-make-the-most-of-every-moment-womens-spaghetti-strap-tank	https://static.wixstatic.com/media/e35453_fc688b58d43d44bd8b8fadcef7acc6bc~mv2.jpeg		in stock	28.00 USD	Lake Erie Clothing Company	new	Apparel & Accessories > Clothing > Shirts & Tops	2d50ecb4-8320-40e2-ab5c-17883fe08b4c	Athletic Heather	S	female	adult
e716c476-0cd5-436e-83af-a91fe750a348	"Skull Floral Tank — ""Lake Erie Loot Crew"" Women's Spaghetti Strap Tank"	"Skull Floral Tank — ""Lake Erie Loot Crew"" Women's Spaghetti Strap Tank"	https://www.lakeerieclothing.com/product-page/skull-floral-tank-make-the-most-of-every-moment-womens-spaghetti-strap-tank	https://static.wixstatic.com/media/e35453_da7933887ca746fca2402f2d6a1f4e9f~mv2.jpeg		in stock	28.00 USD	Lake Erie Clothing Company	new	Apparel & Accessories > Clothing > Shirts & Tops	2d50ecb4-8320-40e2-ab5c-17883fe08b4c	Solid White Blend	S	female	adult
cd41d9db-985b-4485-bafe-85f6b31549dd	"Skull Floral Tank — ""Lake Erie Loot Crew"" Women's Spaghetti Strap Tank"	"Skull Floral Tank — ""Lake Erie Loot Crew"" Women's Spaghetti Strap Tank"	https://www.lakeerieclothing.com/product-page/skull-floral-tank-make-the-most-of-every-moment-womens-spaghetti-strap-tank	https://static.wixstatic.com/media/e35453_fc688b58d43d44bd8b8fadcef7acc6bc~mv2.jpeg		in stock	28.00 USD	Lake Erie Clothing Company	new	Apparel & Accessories > Clothing > Shirts & Tops	2d50ecb4-8320-40e2-ab5c-17883fe08b4c	Athletic Heather	M	female	adult
f4c979cb-9e71-4318-b0b2-1b88e15bb7fb	"Skull Floral Tank — ""Lake Erie Loot Crew"" Women's Spaghetti Strap Tank"	"Skull Floral Tank — ""Lake Erie Loot Crew"" Women's Spaghetti Strap Tank"	https://www.lakeerieclothing.com/product-page/skull-floral-tank-make-the-most-of-every-moment-womens-spaghetti-strap-tank	https://static.wixstatic.com/media/e35453_da7933887ca746fca2402f2d6a1f4e9f~mv2.jpeg		in stock	28.00 USD	Lake Erie Clothing Company	new	Apparel & Accessories > Clothing > Shirts & Tops	2d50ecb4-8320-40e2-ab5c-17883fe08b4c	Solid White Blend	M	female	adult
05dea700-5189-4966-ace2-a19149337750	"Skull Floral Tank — ""Lake Erie Loot Crew"" Women's Spaghetti Strap Tank"	"Skull Floral Tank — ""Lake Erie Loot Crew"" Women's Spaghetti Strap Tank"	https://www.lakeerieclothing.com/product-page/skull-floral-tank-make-the-most-of-every-moment-womens-spaghetti-strap-tank	https://static.wixstatic.com/media/e35453_fc688b58d43d44bd8b8fadcef7acc6bc~mv2.jpeg		in stock	28.00 USD	Lake Erie Clothing Company	new	Apparel & Accessories > Clothing > Shirts & Tops	2d50ecb4-8320-40e2-ab5c-17883fe08b4c	Athletic Heather	L	female	adult
1befc72b-3922-4fb9-930a-362e69e680cc	"Skull Floral Tank — ""Lake Erie Loot Crew"" Women's Spaghetti Strap Tank"	"Skull Floral Tank — ""Lake Erie Loot Crew"" Women's Spaghetti Strap Tank"	https://www.lakeerieclothing.com/product-page/skull-floral-tank-make-the-most-of-every-moment-womens-spaghetti-strap-tank	https://static.wixstatic.com/media/e35453_fc688b58d43d44bd8b8fadcef7acc6bc~mv2.jpeg		in stock	28.00 USD	Lake Erie Clothing Company	new	Apparel & Accessories > Clothing > Shirts & Tops	2d50ecb4-8320-40e2-ab5c-17883fe08b4c	Athletic Heather	XL	female	adult
4bbcafc0-563d-4d7c-86ed-0e79e532cbac	"Skull Floral Tank — ""Lake Erie Loot Crew"" Women's Spaghetti Strap Tank"	"Skull Floral Tank — ""Lake Erie Loot Crew"" Women's Spaghetti Strap Tank"	https://www.lakeerieclothing.com/product-page/skull-floral-tank-make-the-most-of-every-moment-womens-spaghetti-strap-tank	https://static.wixstatic.com/media/e35453_da7933887ca746fca2402f2d6a1f4e9f~mv2.jpeg		in stock	28.00 USD	Lake Erie Clothing Company	new	Apparel & Accessories > Clothing > Shirts & Tops	2d50ecb4-8320-40e2-ab5c-17883fe08b4c	Solid White Blend	XL	female	adult
e690cbdb-bf66-454c-a5a7-4ee3ad1b018a	"Skull Floral Tank — ""Lake Erie Loot Crew"" Women's Spaghetti Strap Tank"	"Skull Floral Tank — ""Lake Erie Loot Crew"" Women's Spaghetti Strap Tank"	https://www.lakeerieclothing.com/product-page/skull-floral-tank-make-the-most-of-every-moment-womens-spaghetti-strap-tank	https://static.wixstatic.com/media/e35453_fc688b58d43d44bd8b8fadcef7acc6bc~mv2.jpeg		in stock	28.00 USD	Lake Erie Clothing Company	new	Apparel & Accessories > Clothing > Shirts & Tops	2d50ecb4-8320-40e2-ab5c-17883fe08b4c	Athletic Heather	2XL	female	adult
4f5b20d5-0fde-46e3-b032-cfddc79704e3	"Skull Floral Tank — ""Lake Erie Loot Crew"" Women's Spaghetti Strap Tank"	"Skull Floral Tank — ""Lake Erie Loot Crew"" Women's Spaghetti Strap Tank"	https://www.lakeerieclothing.com/product-page/skull-floral-tank-make-the-most-of-every-moment-womens-spaghetti-strap-tank	https://static.wixstatic.com/media/e35453_da7933887ca746fca2402f2d6a1f4e9f~mv2.jpeg		in stock	28.00 USD	Lake Erie Clothing Company	new	Apparel & Accessories > Clothing > Shirts & Tops	2d50ecb4-8320-40e2-ab5c-17883fe08b4c	Solid White Blend	2XL	female	adult
ad090603-a1e3-48f3-b428-a5a07c339bcc	"Skull Floral Tank — ""Lake Erie Loot Crew"" Women's Spaghetti Strap Tank"	"Skull Floral Tank — ""Lake Erie Loot Crew"" Women's Spaghetti Strap Tank"	https://www.lakeerieclothing.com/product-page/skull-floral-tank-make-the-most-of-every-moment-womens-spaghetti-strap-tank	https://static.wixstatic.com/media/e35453_dcfce54211a64ad28844c0df718f2761~mv2.jpeg		in stock	28.00 USD	Lake Erie Clothing Company	new	Apparel & Accessories > Clothing > Shirts & Tops	2d50ecb4-8320-40e2-ab5c-17883fe08b4c	Solid Baby Blue Blend	XS	female	adult
a18e7199-807f-4c48-813d-f70543902073	"Skull Floral Tank — ""Lake Erie Loot Crew"" Women's Spaghetti Strap Tank"	"Skull Floral Tank — ""Lake Erie Loot Crew"" Women's Spaghetti Strap Tank"	https://www.lakeerieclothing.com/product-page/skull-floral-tank-make-the-most-of-every-moment-womens-spaghetti-strap-tank	https://static.wixstatic.com/media/e35453_dcfce54211a64ad28844c0df718f2761~mv2.jpeg		in stock	28.00 USD	Lake Erie Clothing Company	new	Apparel & Accessories > Clothing > Shirts & Tops	2d50ecb4-8320-40e2-ab5c-17883fe08b4c	Solid Baby Blue Blend	S	female	adult
75ec991e-5d7a-49e5-9a12-a0effe5c93b1	"Skull Floral Tank — ""Lake Erie Loot Crew"" Women's Spaghetti Strap Tank"	"Skull Floral Tank — ""Lake Erie Loot Crew"" Women's Spaghetti Strap Tank"	https://www.lakeerieclothing.com/product-page/skull-floral-tank-make-the-most-of-every-moment-womens-spaghetti-strap-tank	https://static.wixstatic.com/media/e35453_dcfce54211a64ad28844c0df718f2761~mv2.jpeg		in stock	28.00 USD	Lake Erie Clothing Company	new	Apparel & Accessories > Clothing > Shirts & Tops	2d50ecb4-8320-40e2-ab5c-17883fe08b4c	Solid Baby Blue Blend	M	female	adult
02a94ed9-45e7-46f8-b1e8-bc2857ad9980	"Skull Floral Tank — ""Lake Erie Loot Crew"" Women's Spaghetti Strap Tank"	"Skull Floral Tank — ""Lake Erie Loot Crew"" Women's Spaghetti Strap Tank"	https://www.lakeerieclothing.com/product-page/skull-floral-tank-make-the-most-of-every-moment-womens-spaghetti-strap-tank	https://static.wixstatic.com/media/e35453_dcfce54211a64ad28844c0df718f2761~mv2.jpeg		in stock	28.00 USD	Lake Erie Clothing Company	new	Apparel & Accessories > Clothing > Shirts & Tops	2d50ecb4-8320-40e2-ab5c-17883fe08b4c	Solid Baby Blue Blend	L	female	adult
176ad887-f57a-4fc3-9d31-46d2afc196b7	"Skull Floral Tank — ""Lake Erie Loot Crew"" Women's Spaghetti Strap Tank"	"Skull Floral Tank — ""Lake Erie Loot Crew"" Women's Spaghetti Strap Tank"	https://www.lakeerieclothing.com/product-page/skull-floral-tank-make-the-most-of-every-moment-womens-spaghetti-strap-tank	https://static.wixstatic.com/media/e35453_dcfce54211a64ad28844c0df718f2761~mv2.jpeg		in stock	28.00 USD	Lake Erie Clothing Company	new	Apparel & Accessories > Clothing > Shirts & Tops	2d50ecb4-8320-40e2-ab5c-17883fe08b4c	Solid Baby Blue Blend	XL	female	adult
a0c76221-7b5d-4696-bc3d-ee181b61f811	"Skull Floral Tank — ""Lake Erie Loot Crew"" Women's Spaghetti Strap Tank"	"Skull Floral Tank — ""Lake Erie Loot Crew"" Women's Spaghetti Strap Tank"	https://www.lakeerieclothing.com/product-page/skull-floral-tank-make-the-most-of-every-moment-womens-spaghetti-strap-tank	https://static.wixstatic.com/media/e35453_dcfce54211a64ad28844c0df718f2761~mv2.jpeg		in stock	28.00 USD	Lake Erie Clothing Company	new	Apparel & Accessories > Clothing > Shirts & Tops	2d50ecb4-8320-40e2-ab5c-17883fe08b4c	Solid Baby Blue Blend	2XL	female	adult
ef7bf7c2-8e5b-4ad3-88c8-7933b9ebd836	Lake Erie Bow & Anchor T	Lake Erie Bow & Anchor T	https://www.lakeerieclothing.com/product-page/lake-erie-bow-anchor-t	https://static.wixstatic.com/media/e35453_75fe9c331d1b401cb1e4ad85bda72669~mv2.png		in stock	30.00 USD	Lake Erie Clothing Company	new	Apparel & Accessories > Clothing	507c8869-3823-474b-9a09-ef941c4fbb7c	See product page	YS	female	kids
d22506de-2a60-42a4-b09a-48dafcd45234	Lake Erie Bow & Anchor T	Lake Erie Bow & Anchor T	https://www.lakeerieclothing.com/product-page/lake-erie-bow-anchor-t	https://static.wixstatic.com/media/e35453_75fe9c331d1b401cb1e4ad85bda72669~mv2.png		in stock	30.00 USD	Lake Erie Clothing Company	new	Apparel & Accessories > Clothing	507c8869-3823-474b-9a09-ef941c4fbb7c	See product page	YL	female	kids
b7ad47b6-afe5-495a-81eb-50471ad52f9b	Lake Erie Bow & Anchor T	Lake Erie Bow & Anchor T	https://www.lakeerieclothing.com/product-page/lake-erie-bow-anchor-t	https://static.wixstatic.com/media/e35453_75fe9c331d1b401cb1e4ad85bda72669~mv2.png		in stock	30.00 USD	Lake Erie Clothing Company	new	Apparel & Accessories > Clothing	507c8869-3823-474b-9a09-ef941c4fbb7c	See product page	Small	female	adult
8513339a-a6a1-4042-8c37-65f3a17036a6	Lake Erie Bow & Anchor T	Lake Erie Bow & Anchor T	https://www.lakeerieclothing.com/product-page/lake-erie-bow-anchor-t	https://static.wixstatic.com/media/e35453_75fe9c331d1b401cb1e4ad85bda72669~mv2.png		in stock	30.00 USD	Lake Erie Clothing Company	new	Apparel & Accessories > Clothing	507c8869-3823-474b-9a09-ef941c4fbb7c	See product page	Medium	female	adult
d5058631-c614-49c0-9e9f-a653e710816b	Lake Erie Bow & Anchor T	Lake Erie Bow & Anchor T	https://www.lakeerieclothing.com/product-page/lake-erie-bow-anchor-t	https://static.wixstatic.com/media/e35453_75fe9c331d1b401cb1e4ad85bda72669~mv2.png		in stock	30.00 USD	Lake Erie Clothing Company	new	Apparel & Accessories > Clothing	507c8869-3823-474b-9a09-ef941c4fbb7c	See product page	Large	female	adult
39802700-fd4a-4b6c-a243-4225c643a8d4	Lake Erie Bow & Anchor T	Lake Erie Bow & Anchor T	https://www.lakeerieclothing.com/product-page/lake-erie-bow-anchor-t	https://static.wixstatic.com/media/e35453_75fe9c331d1b401cb1e4ad85bda72669~mv2.png		in stock	30.00 USD	Lake Erie Clothing Company	new	Apparel & Accessories > Clothing	507c8869-3823-474b-9a09-ef941c4fbb7c	See product page	X-Large	female	adult
6451cc91-35b9-4f6d-bd7a-92d0b1821b95	Lake Erie Loot Crew Floral Skull Tee	Lake Erie Loot Crew Floral Skull Tee	https://www.lakeerieclothing.com/product-page/lake-erie-loot-crew-floral-skull-tee	https://static.wixstatic.com/media/e35453_ae8966c2065c4ebd95087fbc31540ea9~mv2.png		in stock	30.00 USD	Lake Erie Clothing Company	new	Apparel & Accessories > Clothing > Shirts & Tops	3b3e494c-0cbd-4b4f-b37d-5d71220e1910	White	XS	female	adult
0a910efa-506a-42d5-b5ee-325a709bbf14	Lake Erie Loot Crew Floral Skull Tee	Lake Erie Loot Crew Floral Skull Tee	https://www.lakeerieclothing.com/product-page/lake-erie-loot-crew-floral-skull-tee	https://static.wixstatic.com/media/e35453_bda0d91a55a249f6a36f46eabd7f675f~mv2.png		in stock	30.00 USD	Lake Erie Clothing Company	new	Apparel & Accessories > Clothing > Shirts & Tops	3b3e494c-0cbd-4b4f-b37d-5d71220e1910	Dusty Rose	XS	female	adult
b06b8ecc-9679-4271-ad5e-18e495004266	Lake Erie Loot Crew Floral Skull Tee	Lake Erie Loot Crew Floral Skull Tee	https://www.lakeerieclothing.com/product-page/lake-erie-loot-crew-floral-skull-tee	https://static.wixstatic.com/media/e35453_c9f0b0f46b1440108d01db24fc8ea452~mv2.png		in stock	30.00 USD	Lake Erie Clothing Company	new	Apparel & Accessories > Clothing > Shirts & Tops	3b3e494c-0cbd-4b4f-b37d-5d71220e1910	Baby Blue	XS	female	adult
6fcfb928-92a8-43e6-abda-3991574b5bcd	Lake Erie Loot Crew Floral Skull Tee	Lake Erie Loot Crew Floral Skull Tee	https://www.lakeerieclothing.com/product-page/lake-erie-loot-crew-floral-skull-tee	https://static.wixstatic.com/media/e35453_c4234afa5f99437e8a1d19ad9c1116c6~mv2.png		in stock	30.00 USD	Lake Erie Clothing Company	new	Apparel & Accessories > Clothing > Shirts & Tops	3b3e494c-0cbd-4b4f-b37d-5d71220e1910	Sport Grey	XS	female	adult
1bef92fb-33dc-474b-a134-cf556fb12b9f	Lake Erie Loot Crew Floral Skull Tee	Lake Erie Loot Crew Floral Skull Tee	https://www.lakeerieclothing.com/product-page/lake-erie-loot-crew-floral-skull-tee	https://static.wixstatic.com/media/e35453_8321aa59bae747f58db9287961d98715~mv2.png		in stock	30.00 USD	Lake Erie Clothing Company	new	Apparel & Accessories > Clothing > Shirts & Tops	3b3e494c-0cbd-4b4f-b37d-5d71220e1910	Athletic Heather	XS	female	adult
399d5c1c-0b2b-4ef9-a9c6-68e165e5c4ea	Lake Erie Loot Crew Floral Skull Tee	Lake Erie Loot Crew Floral Skull Tee	https://www.lakeerieclothing.com/product-page/lake-erie-loot-crew-floral-skull-tee	https://static.wixstatic.com/media/e35453_ae8966c2065c4ebd95087fbc31540ea9~mv2.png		in stock	30.00 USD	Lake Erie Clothing Company	new	Apparel & Accessories > Clothing > Shirts & Tops	3b3e494c-0cbd-4b4f-b37d-5d71220e1910	White	S	female	adult
5da7579a-b427-4f0e-8fe4-46b996dbcef0	Lake Erie Loot Crew Floral Skull Tee	Lake Erie Loot Crew Floral Skull Tee	https://www.lakeerieclothing.com/product-page/lake-erie-loot-crew-floral-skull-tee	https://static.wixstatic.com/media/e35453_bda0d91a55a249f6a36f46eabd7f675f~mv2.png		in stock	30.00 USD	Lake Erie Clothing Company	new	Apparel & Accessories > Clothing > Shirts & Tops	3b3e494c-0cbd-4b4f-b37d-5d71220e1910	Dusty Rose	S	female	adult
9bf8c3f3-70d3-4bfc-8fd6-049977e547e6	Lake Erie Loot Crew Floral Skull Tee	Lake Erie Loot Crew Floral Skull Tee	https://www.lakeerieclothing.com/product-page/lake-erie-loot-crew-floral-skull-tee	https://static.wixstatic.com/media/e35453_c9f0b0f46b1440108d01db24fc8ea452~mv2.png		in stock	30.00 USD	Lake Erie Clothing Company	new	Apparel & Accessories > Clothing > Shirts & Tops	3b3e494c-0cbd-4b4f-b37d-5d71220e1910	Baby Blue	S	female	adult
c76e5881-641c-4aeb-ac42-85e565ffe477	Lake Erie Loot Crew Floral Skull Tee	Lake Erie Loot Crew Floral Skull Tee	https://www.lakeerieclothing.com/product-page/lake-erie-loot-crew-floral-skull-tee	https://static.wixstatic.com/media/e35453_c4234afa5f99437e8a1d19ad9c1116c6~mv2.png		in stock	30.00 USD	Lake Erie Clothing Company	new	Apparel & Accessories > Clothing > Shirts & Tops	3b3e494c-0cbd-4b4f-b37d-5d71220e1910	Sport Grey	S	female	adult
2ff95493-f5cd-4171-8bef-2baef98af205	Lake Erie Loot Crew Floral Skull Tee	Lake Erie Loot Crew Floral Skull Tee	https://www.lakeerieclothing.com/product-page/lake-erie-loot-crew-floral-skull-tee	https://static.wixstatic.com/media/e35453_8321aa59bae747f58db9287961d98715~mv2.png		in stock	30.00 USD	Lake Erie Clothing Company	new	Apparel & Accessories > Clothing > Shirts & Tops	3b3e494c-0cbd-4b4f-b37d-5d71220e1910	Athletic Heather	S	female	adult
fbe20928-4607-48c2-a24b-a3be4ca1bf3f	Lake Erie Loot Crew Floral Skull Tee	Lake Erie Loot Crew Floral Skull Tee	https://www.lakeerieclothing.com/product-page/lake-erie-loot-crew-floral-skull-tee	https://static.wixstatic.com/media/e35453_ae8966c2065c4ebd95087fbc31540ea9~mv2.png		in stock	30.00 USD	Lake Erie Clothing Company	new	Apparel & Accessories > Clothing > Shirts & Tops	3b3e494c-0cbd-4b4f-b37d-5d71220e1910	White	M	female	adult
7a1fcee1-0636-4331-9186-0de2a5a6fc93	Lake Erie Loot Crew Floral Skull Tee	Lake Erie Loot Crew Floral Skull Tee	https://www.lakeerieclothing.com/product-page/lake-erie-loot-crew-floral-skull-tee	https://static.wixstatic.com/media/e35453_bda0d91a55a249f6a36f46eabd7f675f~mv2.png		in stock	30.00 USD	Lake Erie Clothing Company	new	Apparel & Accessories > Clothing > Shirts & Tops	3b3e494c-0cbd-4b4f-b37d-5d71220e1910	Dusty Rose	M	female	adult
1a463f7e-f8ac-45f0-b38a-d58794fb4534	Lake Erie Loot Crew Floral Skull Tee	Lake Erie Loot Crew Floral Skull Tee	https://www.lakeerieclothing.com/product-page/lake-erie-loot-crew-floral-skull-tee	https://static.wixstatic.com/media/e35453_c9f0b0f46b1440108d01db24fc8ea452~mv2.png		in stock	30.00 USD	Lake Erie Clothing Company	new	Apparel & Accessories > Clothing > Shirts & Tops	3b3e494c-0cbd-4b4f-b37d-5d71220e1910	Baby Blue	M	female	adult
cab944d0-35e8-42eb-8518-2007f96b107d	Lake Erie Loot Crew Floral Skull Tee	Lake Erie Loot Crew Floral Skull Tee	https://www.lakeerieclothing.com/product-page/lake-erie-loot-crew-floral-skull-tee	https://static.wixstatic.com/media/e35453_c4234afa5f99437e8a1d19ad9c1116c6~mv2.png		in stock	30.00 USD	Lake Erie Clothing Company	new	Apparel & Accessories > Clothing > Shirts & Tops	3b3e494c-0cbd-4b4f-b37d-5d71220e1910	Sport Grey	M	female	adult
93821ccc-7420-4044-9ae4-f606b3b560ad	Lake Erie Loot Crew Floral Skull Tee	Lake Erie Loot Crew Floral Skull Tee	https://www.lakeerieclothing.com/product-page/lake-erie-loot-crew-floral-skull-tee	https://static.wixstatic.com/media/e35453_8321aa59bae747f58db9287961d98715~mv2.png		in stock	30.00 USD	Lake Erie Clothing Company	new	Apparel & Accessories > Clothing > Shirts & Tops	3b3e494c-0cbd-4b4f-b37d-5d71220e1910	Athletic Heather	M	female	adult
b723dec4-238b-4429-b2af-57d0888e5823	Lake Erie Loot Crew Floral Skull Tee	Lake Erie Loot Crew Floral Skull Tee	https://www.lakeerieclothing.com/product-page/lake-erie-loot-crew-floral-skull-tee	https://static.wixstatic.com/media/e35453_ae8966c2065c4ebd95087fbc31540ea9~mv2.png		in stock	30.00 USD	Lake Erie Clothing Company	new	Apparel & Accessories > Clothing > Shirts & Tops	3b3e494c-0cbd-4b4f-b37d-5d71220e1910	White	L	female	adult
1ecd5525-ecc6-4e22-bc66-d5037286e3c1	Lake Erie Loot Crew Floral Skull Tee	Lake Erie Loot Crew Floral Skull Tee	https://www.lakeerieclothing.com/product-page/lake-erie-loot-crew-floral-skull-tee	https://static.wixstatic.com/media/e35453_bda0d91a55a249f6a36f46eabd7f675f~mv2.png		in stock	30.00 USD	Lake Erie Clothing Company	new	Apparel & Accessories > Clothing > Shirts & Tops	3b3e494c-0cbd-4b4f-b37d-5d71220e1910	Dusty Rose	L	female	adult
34afd490-7f83-423c-9cbf-0e00d4c8a4ea	Lake Erie Loot Crew Floral Skull Tee	Lake Erie Loot Crew Floral Skull Tee	https://www.lakeerieclothing.com/product-page/lake-erie-loot-crew-floral-skull-tee	https://static.wixstatic.com/media/e35453_c9f0b0f46b1440108d01db24fc8ea452~mv2.png		in stock	30.00 USD	Lake Erie Clothing Company	new	Apparel & Accessories > Clothing > Shirts & Tops	3b3e494c-0cbd-4b4f-b37d-5d71220e1910	Baby Blue	L	female	adult
1de2e9d1-b1a0-4b6f-a5e4-e0ffa9eda1a4	Lake Erie Loot Crew Floral Skull Tee	Lake Erie Loot Crew Floral Skull Tee	https://www.lakeerieclothing.com/product-page/lake-erie-loot-crew-floral-skull-tee	https://static.wixstatic.com/media/e35453_c4234afa5f99437e8a1d19ad9c1116c6~mv2.png		in stock	30.00 USD	Lake Erie Clothing Company	new	Apparel & Accessories > Clothing > Shirts & Tops	3b3e494c-0cbd-4b4f-b37d-5d71220e1910	Sport Grey	L	female	adult
6abc88db-ff61-46e6-9948-fb8b7393572a	Lake Erie Loot Crew Floral Skull Tee	Lake Erie Loot Crew Floral Skull Tee	https://www.lakeerieclothing.com/product-page/lake-erie-loot-crew-floral-skull-tee	https://static.wixstatic.com/media/e35453_8321aa59bae747f58db9287961d98715~mv2.png		in stock	30.00 USD	Lake Erie Clothing Company	new	Apparel & Accessories > Clothing > Shirts & Tops	3b3e494c-0cbd-4b4f-b37d-5d71220e1910	Athletic Heather	L	female	adult
2382b054-c5e2-42b1-bfd8-d8c6a255fb22	Lake Erie Loot Crew Floral Skull Tee	Lake Erie Loot Crew Floral Skull Tee	https://www.lakeerieclothing.com/product-page/lake-erie-loot-crew-floral-skull-tee	https://static.wixstatic.com/media/e35453_ae8966c2065c4ebd95087fbc31540ea9~mv2.png		in stock	30.00 USD	Lake Erie Clothing Company	new	Apparel & Accessories > Clothing > Shirts & Tops	3b3e494c-0cbd-4b4f-b37d-5d71220e1910	White	XL	female	adult
68dcb732-2cc9-4714-9074-3ef945ce5fcb	Lake Erie Loot Crew Floral Skull Tee	Lake Erie Loot Crew Floral Skull Tee	https://www.lakeerieclothing.com/product-page/lake-erie-loot-crew-floral-skull-tee	https://static.wixstatic.com/media/e35453_bda0d91a55a249f6a36f46eabd7f675f~mv2.png		in stock	30.00 USD	Lake Erie Clothing Company	new	Apparel & Accessories > Clothing > Shirts & Tops	3b3e494c-0cbd-4b4f-b37d-5d71220e1910	Dusty Rose	XL	female	adult
c88a8eba-7d6a-4e31-840d-c9b616a09770	Lake Erie Loot Crew Floral Skull Tee	Lake Erie Loot Crew Floral Skull Tee	https://www.lakeerieclothing.com/product-page/lake-erie-loot-crew-floral-skull-tee	https://static.wixstatic.com/media/e35453_c9f0b0f46b1440108d01db24fc8ea452~mv2.png		in stock	30.00 USD	Lake Erie Clothing Company	new	Apparel & Accessories > Clothing > Shirts & Tops	3b3e494c-0cbd-4b4f-b37d-5d71220e1910	Baby Blue	XL	female	adult
c50ff84e-c526-4a91-9ade-a13cc9ea95b7	Lake Erie Loot Crew Floral Skull Tee	Lake Erie Loot Crew Floral Skull Tee	https://www.lakeerieclothing.com/product-page/lake-erie-loot-crew-floral-skull-tee	https://static.wixstatic.com/media/e35453_c4234afa5f99437e8a1d19ad9c1116c6~mv2.png		in stock	30.00 USD	Lake Erie Clothing Company	new	Apparel & Accessories > Clothing > Shirts & Tops	3b3e494c-0cbd-4b4f-b37d-5d71220e1910	Sport Grey	XL	female	adult
745a9cc5-8aec-4135-bb71-5f8e0af1c3a7	Lake Erie Loot Crew Floral Skull Tee	Lake Erie Loot Crew Floral Skull Tee	https://www.lakeerieclothing.com/product-page/lake-erie-loot-crew-floral-skull-tee	https://static.wixstatic.com/media/e35453_8321aa59bae747f58db9287961d98715~mv2.png		in stock	30.00 USD	Lake Erie Clothing Company	new	Apparel & Accessories > Clothing > Shirts & Tops	3b3e494c-0cbd-4b4f-b37d-5d71220e1910	Athletic Heather	XL	female	adult
08e94055-20ad-4d79-b569-ca3620cc1c23	Lake Erie Loot Crew Floral Skull Tee	Lake Erie Loot Crew Floral Skull Tee	https://www.lakeerieclothing.com/product-page/lake-erie-loot-crew-floral-skull-tee	https://static.wixstatic.com/media/e35453_ae8966c2065c4ebd95087fbc31540ea9~mv2.png		in stock	30.00 USD	Lake Erie Clothing Company	new	Apparel & Accessories > Clothing > Shirts & Tops	3b3e494c-0cbd-4b4f-b37d-5d71220e1910	White	2XL	female	adult
5494999e-472a-43fe-8540-2deea36207d2	Lake Erie Loot Crew Floral Skull Tee	Lake Erie Loot Crew Floral Skull Tee	https://www.lakeerieclothing.com/product-page/lake-erie-loot-crew-floral-skull-tee	https://static.wixstatic.com/media/e35453_bda0d91a55a249f6a36f46eabd7f675f~mv2.png		in stock	30.00 USD	Lake Erie Clothing Company	new	Apparel & Accessories > Clothing > Shirts & Tops	3b3e494c-0cbd-4b4f-b37d-5d71220e1910	Dusty Rose	2XL	female	adult
53372b52-dd2d-4874-8ce9-0c8e25b108a6	Lake Erie Loot Crew Floral Skull Tee	Lake Erie Loot Crew Floral Skull Tee	https://www.lakeerieclothing.com/product-page/lake-erie-loot-crew-floral-skull-tee	https://static.wixstatic.com/media/e35453_c9f0b0f46b1440108d01db24fc8ea452~mv2.png		in stock	30.00 USD	Lake Erie Clothing Company	new	Apparel & Accessories > Clothing > Shirts & Tops	3b3e494c-0cbd-4b4f-b37d-5d71220e1910	Baby Blue	2XL	female	adult
77e95006-fb6e-48fe-ba8f-c66788fcc346	Lake Erie Loot Crew Floral Skull Tee	Lake Erie Loot Crew Floral Skull Tee	https://www.lakeerieclothing.com/product-page/lake-erie-loot-crew-floral-skull-tee	https://static.wixstatic.com/media/e35453_c4234afa5f99437e8a1d19ad9c1116c6~mv2.png		in stock	30.00 USD	Lake Erie Clothing Company	new	Apparel & Accessories > Clothing > Shirts & Tops	3b3e494c-0cbd-4b4f-b37d-5d71220e1910	Sport Grey	2XL	female	adult
98d44769-6989-4fd7-8e8c-388b97bbe0d0	Lake Erie Loot Crew Floral Skull Tee	Lake Erie Loot Crew Floral Skull Tee	https://www.lakeerieclothing.com/product-page/lake-erie-loot-crew-floral-skull-tee	https://static.wixstatic.com/media/e35453_8321aa59bae747f58db9287961d98715~mv2.png		in stock	30.00 USD	Lake Erie Clothing Company	new	Apparel & Accessories > Clothing > Shirts & Tops	3b3e494c-0cbd-4b4f-b37d-5d71220e1910	Athletic Heather	2XL	female	adult
264b49f3-3221-4c3c-9d32-5fabede93f88	Lakegirl Heritage Anchor Tee - Take Me To The Lake	Lakegirl Heritage Anchor Tee - Take Me To The Lake	https://www.lakeerieclothing.com/product-page/lakegirl-heritage-anchor-tee-take-me-to-the-lake	https://static.wixstatic.com/media/e35453_6cd63dc05af4413c8517dab61e477cf1~mv2.png		in stock	33.00 USD	Lake Erie Clothing Company	new	Apparel & Accessories > Clothing > Shirts & Tops	fbfe2d91-3db4-4766-ab79-e5ead8fdc72a	See product page	XS	female	adult
217cd555-17f9-4f08-8970-fb88bd88009c	Lakegirl Heritage Anchor Tee - Take Me To The Lake	Lakegirl Heritage Anchor Tee - Take Me To The Lake	https://www.lakeerieclothing.com/product-page/lakegirl-heritage-anchor-tee-take-me-to-the-lake	https://static.wixstatic.com/media/e35453_6cd63dc05af4413c8517dab61e477cf1~mv2.png		in stock	33.00 USD	Lake Erie Clothing Company	new	Apparel & Accessories > Clothing > Shirts & Tops	fbfe2d91-3db4-4766-ab79-e5ead8fdc72a	See product page	S	female	adult
1cdf3cb4-412a-4f0b-b3d1-c6d52bbe9d3b	Lakegirl Heritage Anchor Tee - Take Me To The Lake	Lakegirl Heritage Anchor Tee - Take Me To The Lake	https://www.lakeerieclothing.com/product-page/lakegirl-heritage-anchor-tee-take-me-to-the-lake	https://static.wixstatic.com/media/e35453_6cd63dc05af4413c8517dab61e477cf1~mv2.png		in stock	33.00 USD	Lake Erie Clothing Company	new	Apparel & Accessories > Clothing > Shirts & Tops	fbfe2d91-3db4-4766-ab79-e5ead8fdc72a	See product page	M	female	adult
cb7f9040-7682-44aa-ba66-cadd59e287ac	Lakegirl Heritage Anchor Tee - Take Me To The Lake	Lakegirl Heritage Anchor Tee - Take Me To The Lake	https://www.lakeerieclothing.com/product-page/lakegirl-heritage-anchor-tee-take-me-to-the-lake	https://static.wixstatic.com/media/e35453_6cd63dc05af4413c8517dab61e477cf1~mv2.png		in stock	33.00 USD	Lake Erie Clothing Company	new	Apparel & Accessories > Clothing > Shirts & Tops	fbfe2d91-3db4-4766-ab79-e5ead8fdc72a	See product page	L	female	adult
03c54335-cc69-4775-8e49-af0649c6b854	Lakegirl Heritage Anchor Tee - Take Me To The Lake	Lakegirl Heritage Anchor Tee - Take Me To The Lake	https://www.lakeerieclothing.com/product-page/lakegirl-heritage-anchor-tee-take-me-to-the-lake	https://static.wixstatic.com/media/e35453_6cd63dc05af4413c8517dab61e477cf1~mv2.png		in stock	33.00 USD	Lake Erie Clothing Company	new	Apparel & Accessories > Clothing > Shirts & Tops	fbfe2d91-3db4-4766-ab79-e5ead8fdc72a	See product page	XL	female	adult
8d709b84-9a3f-46cc-b815-aa120379e246	Lakegirl Heritage Anchor Tee - Take Me To The Lake	Lakegirl Heritage Anchor Tee - Take Me To The Lake	https://www.lakeerieclothing.com/product-page/lakegirl-heritage-anchor-tee-take-me-to-the-lake	https://static.wixstatic.com/media/e35453_6cd63dc05af4413c8517dab61e477cf1~mv2.png		in stock	33.00 USD	Lake Erie Clothing Company	new	Apparel & Accessories > Clothing > Shirts & Tops	fbfe2d91-3db4-4766-ab79-e5ead8fdc72a	See product page	2XL	female	adult
fc4c665a-3d95-428e-b6ff-2fa26c842e59	Lake Erie Heart Essential Tee	Lake Erie Heart Essential Tee	https://www.lakeerieclothing.com/product-page/lake-erie-heart-essential-tee	https://static.wixstatic.com/media/e35453_284690a2f8ee44fa9e9b110b76dc83e5~mv2.png		in stock	30.00 USD	Lake Erie Clothing Company	new	Apparel & Accessories > Clothing > Shirts & Tops	53b126ee-5c84-42ba-bf2a-67d4290a43ad	See product page	XS	female	adult
b74583a7-5ff8-49b2-8cb3-d79e0cf753d9	Lake Erie Heart Essential Tee	Lake Erie Heart Essential Tee	https://www.lakeerieclothing.com/product-page/lake-erie-heart-essential-tee	https://static.wixstatic.com/media/e35453_284690a2f8ee44fa9e9b110b76dc83e5~mv2.png		in stock	30.00 USD	Lake Erie Clothing Company	new	Apparel & Accessories > Clothing > Shirts & Tops	53b126ee-5c84-42ba-bf2a-67d4290a43ad	See product page	S	female	adult
8bedc70a-b586-478d-a1f4-132f5aab04ed	Lake Erie Heart Essential Tee	Lake Erie Heart Essential Tee	https://www.lakeerieclothing.com/product-page/lake-erie-heart-essential-tee	https://static.wixstatic.com/media/e35453_284690a2f8ee44fa9e9b110b76dc83e5~mv2.png		in stock	30.00 USD	Lake Erie Clothing Company	new	Apparel & Accessories > Clothing > Shirts & Tops	53b126ee-5c84-42ba-bf2a-67d4290a43ad	See product page	M	female	adult
1bb7058b-b446-4ef2-a6e0-55e7cbca8bb4	Lake Erie Heart Essential Tee	Lake Erie Heart Essential Tee	https://www.lakeerieclothing.com/product-page/lake-erie-heart-essential-tee	https://static.wixstatic.com/media/e35453_284690a2f8ee44fa9e9b110b76dc83e5~mv2.png		in stock	30.00 USD	Lake Erie Clothing Company	new	Apparel & Accessories > Clothing > Shirts & Tops	53b126ee-5c84-42ba-bf2a-67d4290a43ad	See product page	L	female	adult
00b9b8e8-f126-49cf-95ac-16d1612cbb96	Lake Erie Heart Essential Tee	Lake Erie Heart Essential Tee	https://www.lakeerieclothing.com/product-page/lake-erie-heart-essential-tee	https://static.wixstatic.com/media/e35453_284690a2f8ee44fa9e9b110b76dc83e5~mv2.png		in stock	30.00 USD	Lake Erie Clothing Company	new	Apparel & Accessories > Clothing > Shirts & Tops	53b126ee-5c84-42ba-bf2a-67d4290a43ad	See product page	XL	female	adult
90acb910-87b1-4021-bfdb-4164503585f1	Lake Erie Heart Essential Tee	Lake Erie Heart Essential Tee	https://www.lakeerieclothing.com/product-page/lake-erie-heart-essential-tee	https://static.wixstatic.com/media/e35453_284690a2f8ee44fa9e9b110b76dc83e5~mv2.png		in stock	30.00 USD	Lake Erie Clothing Company	new	Apparel & Accessories > Clothing > Shirts & Tops	53b126ee-5c84-42ba-bf2a-67d4290a43ad	See product page	2XL	female	adult
33adab53-299b-4172-84ad-775134dcc8c5	Surf With Passion Raglan Crew	Surf With Passion Raglan Crew	https://www.lakeerieclothing.com/product-page/surf-with-passion-raglan-crew	https://static.wixstatic.com/media/e35453_632223135d594c0d836c32ae3bd28c94~mv2.png		in stock	55.00 USD	Lake Erie Clothing Company	new	Apparel & Accessories > Clothing > Shirts & Tops	6a81703d-b53a-4120-a937-1667a21a2f13	See product page	XS	female	adult
46989350-f7da-4eeb-ae4b-26b81a78840f	Surf With Passion Raglan Crew	Surf With Passion Raglan Crew	https://www.lakeerieclothing.com/product-page/surf-with-passion-raglan-crew	https://static.wixstatic.com/media/e35453_632223135d594c0d836c32ae3bd28c94~mv2.png		in stock	55.00 USD	Lake Erie Clothing Company	new	Apparel & Accessories > Clothing > Shirts & Tops	6a81703d-b53a-4120-a937-1667a21a2f13	See product page	S	female	adult
5fdc6db5-8cf8-4aa4-b8ff-e53f73ffbcbf	Surf With Passion Raglan Crew	Surf With Passion Raglan Crew	https://www.lakeerieclothing.com/product-page/surf-with-passion-raglan-crew	https://static.wixstatic.com/media/e35453_632223135d594c0d836c32ae3bd28c94~mv2.png		in stock	55.00 USD	Lake Erie Clothing Company	new	Apparel & Accessories > Clothing > Shirts & Tops	6a81703d-b53a-4120-a937-1667a21a2f13	See product page	M	female	adult
6a3d5b6c-dd46-4787-941d-1a59edbb9c26	Surf With Passion Raglan Crew	Surf With Passion Raglan Crew	https://www.lakeerieclothing.com/product-page/surf-with-passion-raglan-crew	https://static.wixstatic.com/media/e35453_632223135d594c0d836c32ae3bd28c94~mv2.png		in stock	55.00 USD	Lake Erie Clothing Company	new	Apparel & Accessories > Clothing > Shirts & Tops	6a81703d-b53a-4120-a937-1667a21a2f13	See product page	L	female	adult
7ea9f943-e228-4927-8c98-ca17a04a072d	Surf With Passion Raglan Crew	Surf With Passion Raglan Crew	https://www.lakeerieclothing.com/product-page/surf-with-passion-raglan-crew	https://static.wixstatic.com/media/e35453_632223135d594c0d836c32ae3bd28c94~mv2.png		in stock	55.00 USD	Lake Erie Clothing Company	new	Apparel & Accessories > Clothing > Shirts & Tops	6a81703d-b53a-4120-a937-1667a21a2f13	See product page	XL	female	adult
345fabfd-686c-4d73-be7e-342d6ae24095	Surf With Passion Raglan Crew	Surf With Passion Raglan Crew	https://www.lakeerieclothing.com/product-page/surf-with-passion-raglan-crew	https://static.wixstatic.com/media/e35453_632223135d594c0d836c32ae3bd28c94~mv2.png		in stock	55.00 USD	Lake Erie Clothing Company	new	Apparel & Accessories > Clothing > Shirts & Tops	6a81703d-b53a-4120-a937-1667a21a2f13	See product page	2XL	female	adult
11ce80c2-afac-45e3-9a17-c6c2af9100a1	Lakegirl Heritage USA Tee	Lakegirl Heritage USA Tee	https://www.lakeerieclothing.com/product-page/lakegirl-heritage-usa-tee	https://static.wixstatic.com/media/e35453_dd0a474d491d43219c887bde6568a925~mv2.png		in stock	33.00 USD	Lake Erie Clothing Company	new	Apparel & Accessories > Clothing > Shirts & Tops	5c0e64e4-4637-4d81-ba11-ac169061bd8b	See product page	XS	female	adult
60c5297e-9db0-4138-a605-1f1aa9a65a8a	Lakegirl Heritage USA Tee	Lakegirl Heritage USA Tee	https://www.lakeerieclothing.com/product-page/lakegirl-heritage-usa-tee	https://static.wixstatic.com/media/e35453_dd0a474d491d43219c887bde6568a925~mv2.png		in stock	33.00 USD	Lake Erie Clothing Company	new	Apparel & Accessories > Clothing > Shirts & Tops	5c0e64e4-4637-4d81-ba11-ac169061bd8b	See product page	S	female	adult
323a56e3-5573-456c-adb2-0b7365c9c5e4	Lakegirl Heritage USA Tee	Lakegirl Heritage USA Tee	https://www.lakeerieclothing.com/product-page/lakegirl-heritage-usa-tee	https://static.wixstatic.com/media/e35453_dd0a474d491d43219c887bde6568a925~mv2.png		in stock	33.00 USD	Lake Erie Clothing Company	new	Apparel & Accessories > Clothing > Shirts & Tops	5c0e64e4-4637-4d81-ba11-ac169061bd8b	See product page	M	female	adult
4dfc9742-6357-4348-8cce-801f9bfd41f0	Lakegirl Heritage USA Tee	Lakegirl Heritage USA Tee	https://www.lakeerieclothing.com/product-page/lakegirl-heritage-usa-tee	https://static.wixstatic.com/media/e35453_dd0a474d491d43219c887bde6568a925~mv2.png		in stock	33.00 USD	Lake Erie Clothing Company	new	Apparel & Accessories > Clothing > Shirts & Tops	5c0e64e4-4637-4d81-ba11-ac169061bd8b	See product page	L	female	adult
e7edbec6-6e4b-4ccb-9e6c-d9a594ab86eb	Lakegirl Heritage USA Tee	Lakegirl Heritage USA Tee	https://www.lakeerieclothing.com/product-page/lakegirl-heritage-usa-tee	https://static.wixstatic.com/media/e35453_dd0a474d491d43219c887bde6568a925~mv2.png		in stock	33.00 USD	Lake Erie Clothing Company	new	Apparel & Accessories > Clothing > Shirts & Tops	5c0e64e4-4637-4d81-ba11-ac169061bd8b	See product page	XL	female	adult
fc6d9715-f263-40c3-abf9-82bd3576b760	Lakegirl Heritage USA Tee	Lakegirl Heritage USA Tee	https://www.lakeerieclothing.com/product-page/lakegirl-heritage-usa-tee	https://static.wixstatic.com/media/e35453_dd0a474d491d43219c887bde6568a925~mv2.png		in stock	33.00 USD	Lake Erie Clothing Company	new	Apparel & Accessories > Clothing > Shirts & Tops	5c0e64e4-4637-4d81-ba11-ac169061bd8b	See product page	2XL	female	adult
560787fa-7a46-4a07-af99-4e42fb770e71	Lake Girl Ombre Long-Sleeve Tee	Lake Girl Ombre Long-Sleeve Tee	https://www.lakeerieclothing.com/product-page/lake-girl-ombre-long-sleeve-tee	https://static.wixstatic.com/media/e35453_d3628a24d9444537a73f13b141d03bfa~mv2.png		in stock	43.00 USD	Lake Erie Clothing Company	new	Apparel & Accessories > Clothing > Shirts & Tops	2a66b834-090e-42ff-919a-d48def502660	See product page	XS	female	adult
64b0cf52-0c5c-41a3-ad29-1e4401e1f060	Lake Girl Ombre Long-Sleeve Tee	Lake Girl Ombre Long-Sleeve Tee	https://www.lakeerieclothing.com/product-page/lake-girl-ombre-long-sleeve-tee	https://static.wixstatic.com/media/e35453_d3628a24d9444537a73f13b141d03bfa~mv2.png		in stock	43.00 USD	Lake Erie Clothing Company	new	Apparel & Accessories > Clothing > Shirts & Tops	2a66b834-090e-42ff-919a-d48def502660	See product page	S	female	adult
482b596d-ddef-4135-ae33-99d6d6cc2f0c	Lake Girl Ombre Long-Sleeve Tee	Lake Girl Ombre Long-Sleeve Tee	https://www.lakeerieclothing.com/product-page/lake-girl-ombre-long-sleeve-tee	https://static.wixstatic.com/media/e35453_d3628a24d9444537a73f13b141d03bfa~mv2.png		in stock	43.00 USD	Lake Erie Clothing Company	new	Apparel & Accessories > Clothing > Shirts & Tops	2a66b834-090e-42ff-919a-d48def502660	See product page	M	female	adult
1f318e76-623d-4be1-a35b-2afef4220531	Lake Girl Ombre Long-Sleeve Tee	Lake Girl Ombre Long-Sleeve Tee	https://www.lakeerieclothing.com/product-page/lake-girl-ombre-long-sleeve-tee	https://static.wixstatic.com/media/e35453_d3628a24d9444537a73f13b141d03bfa~mv2.png		in stock	43.00 USD	Lake Erie Clothing Company	new	Apparel & Accessories > Clothing > Shirts & Tops	2a66b834-090e-42ff-919a-d48def502660	See product page	L	female	adult
c11527e0-cde2-4476-91c5-cd4e5f66f984	Lake Girl Ombre Long-Sleeve Tee	Lake Girl Ombre Long-Sleeve Tee	https://www.lakeerieclothing.com/product-page/lake-girl-ombre-long-sleeve-tee	https://static.wixstatic.com/media/e35453_d3628a24d9444537a73f13b141d03bfa~mv2.png		in stock	43.00 USD	Lake Erie Clothing Company	new	Apparel & Accessories > Clothing > Shirts & Tops	2a66b834-090e-42ff-919a-d48def502660	See product page	XL	female	adult
25ac82b1-16e9-4fad-ad8a-9bb25780684e	Lake Girl Ombre Long-Sleeve Tee	Lake Girl Ombre Long-Sleeve Tee	https://www.lakeerieclothing.com/product-page/lake-girl-ombre-long-sleeve-tee	https://static.wixstatic.com/media/e35453_d3628a24d9444537a73f13b141d03bfa~mv2.png		in stock	43.00 USD	Lake Erie Clothing Company	new	Apparel & Accessories > Clothing > Shirts & Tops	2a66b834-090e-42ff-919a-d48def502660	See product page	2XL	female	adult
bb8cdf76-cc8b-4f90-ad8e-b45ae52e7f3e	Lake Vibes Essential Hoodie	Lake Vibes Essential Hoodie	https://www.lakeerieclothing.com/product-page/lake-vibes-essential-hoodie	https://static.wixstatic.com/media/e35453_f41e719cebb64575a031b31c347dfd5b~mv2.png		in stock	65.00 USD	Lake Erie Clothing Company	new	Apparel & Accessories > Clothing > Outerwear > Hoodies & Sweatshirts	11f8fdd5-d1eb-4840-aa87-ce28fabcde78	See product page	XS	female	adult
87c3011b-ff17-47fc-af90-5ad5406f1713	Lake Vibes Essential Hoodie	Lake Vibes Essential Hoodie	https://www.lakeerieclothing.com/product-page/lake-vibes-essential-hoodie	https://static.wixstatic.com/media/e35453_f41e719cebb64575a031b31c347dfd5b~mv2.png		in stock	65.00 USD	Lake Erie Clothing Company	new	Apparel & Accessories > Clothing > Outerwear > Hoodies & Sweatshirts	11f8fdd5-d1eb-4840-aa87-ce28fabcde78	See product page	S	female	adult
59703412-dd0e-4581-8ad0-96bfdc9f814d	Lake Vibes Essential Hoodie	Lake Vibes Essential Hoodie	https://www.lakeerieclothing.com/product-page/lake-vibes-essential-hoodie	https://static.wixstatic.com/media/e35453_f41e719cebb64575a031b31c347dfd5b~mv2.png		in stock	65.00 USD	Lake Erie Clothing Company	new	Apparel & Accessories > Clothing > Outerwear > Hoodies & Sweatshirts	11f8fdd5-d1eb-4840-aa87-ce28fabcde78	See product page	M	female	adult
b8161948-312b-4007-9247-85b5d27be341	Lake Vibes Essential Hoodie	Lake Vibes Essential Hoodie	https://www.lakeerieclothing.com/product-page/lake-vibes-essential-hoodie	https://static.wixstatic.com/media/e35453_f41e719cebb64575a031b31c347dfd5b~mv2.png		in stock	65.00 USD	Lake Erie Clothing Company	new	Apparel & Accessories > Clothing > Outerwear > Hoodies & Sweatshirts	11f8fdd5-d1eb-4840-aa87-ce28fabcde78	See product page	L	female	adult
c173a422-1031-4856-931a-bd8ee4dd2c59	Lake Vibes Essential Hoodie	Lake Vibes Essential Hoodie	https://www.lakeerieclothing.com/product-page/lake-vibes-essential-hoodie	https://static.wixstatic.com/media/e35453_f41e719cebb64575a031b31c347dfd5b~mv2.png		in stock	65.00 USD	Lake Erie Clothing Company	new	Apparel & Accessories > Clothing > Outerwear > Hoodies & Sweatshirts	11f8fdd5-d1eb-4840-aa87-ce28fabcde78	See product page	XL	female	adult
50a3b081-eb4c-44e1-8390-e5674fb1c641	Lake Vibes Essential Hoodie	Lake Vibes Essential Hoodie	https://www.lakeerieclothing.com/product-page/lake-vibes-essential-hoodie	https://static.wixstatic.com/media/e35453_f41e719cebb64575a031b31c347dfd5b~mv2.png		in stock	65.00 USD	Lake Erie Clothing Company	new	Apparel & Accessories > Clothing > Outerwear > Hoodies & Sweatshirts	11f8fdd5-d1eb-4840-aa87-ce28fabcde78	See product page	2XL	female	adult
c2704e4e-db63-4017-af82-dc9d0f8158d0	Surf with Passion Color-Block Crop Hoodie	Surf with Passion Color-Block Crop Hoodie	https://www.lakeerieclothing.com/product-page/surf-with-passion-color-block-crop-hoodie	https://static.wixstatic.com/media/e35453_965e1381c23244c5a6527c95a2916705~mv2.png		in stock	65.00 USD	Lake Erie Clothing Company	new	Apparel & Accessories > Clothing > Outerwear > Hoodies & Sweatshirts	9f9edc40-cdfe-4bf3-923e-c08db050f7a2	See product page	XS	female	adult
51f9242a-b250-4268-a2fd-3836e5a0943c	Surf with Passion Color-Block Crop Hoodie	Surf with Passion Color-Block Crop Hoodie	https://www.lakeerieclothing.com/product-page/surf-with-passion-color-block-crop-hoodie	https://static.wixstatic.com/media/e35453_965e1381c23244c5a6527c95a2916705~mv2.png		in stock	65.00 USD	Lake Erie Clothing Company	new	Apparel & Accessories > Clothing > Outerwear > Hoodies & Sweatshirts	9f9edc40-cdfe-4bf3-923e-c08db050f7a2	See product page	S	female	adult
ccad7067-6d8e-4e85-b4e2-bc3a27d03875	Surf with Passion Color-Block Crop Hoodie	Surf with Passion Color-Block Crop Hoodie	https://www.lakeerieclothing.com/product-page/surf-with-passion-color-block-crop-hoodie	https://static.wixstatic.com/media/e35453_965e1381c23244c5a6527c95a2916705~mv2.png		in stock	65.00 USD	Lake Erie Clothing Company	new	Apparel & Accessories > Clothing > Outerwear > Hoodies & Sweatshirts	9f9edc40-cdfe-4bf3-923e-c08db050f7a2	See product page	M	female	adult
c388caca-baf8-4ea1-944f-176926526b6a	Surf with Passion Color-Block Crop Hoodie	Surf with Passion Color-Block Crop Hoodie	https://www.lakeerieclothing.com/product-page/surf-with-passion-color-block-crop-hoodie	https://static.wixstatic.com/media/e35453_965e1381c23244c5a6527c95a2916705~mv2.png		in stock	65.00 USD	Lake Erie Clothing Company	new	Apparel & Accessories > Clothing > Outerwear > Hoodies & Sweatshirts	9f9edc40-cdfe-4bf3-923e-c08db050f7a2	See product page	L	female	adult
6ac3b1c1-bf40-43dd-b793-0f8dd591c15f	Surf with Passion Color-Block Crop Hoodie	Surf with Passion Color-Block Crop Hoodie	https://www.lakeerieclothing.com/product-page/surf-with-passion-color-block-crop-hoodie	https://static.wixstatic.com/media/e35453_965e1381c23244c5a6527c95a2916705~mv2.png		in stock	65.00 USD	Lake Erie Clothing Company	new	Apparel & Accessories > Clothing > Outerwear > Hoodies & Sweatshirts	9f9edc40-cdfe-4bf3-923e-c08db050f7a2	See product page	XL	female	adult
24c74592-834b-4861-9fb2-02091828b644	Surf with Passion Color-Block Crop Hoodie	Surf with Passion Color-Block Crop Hoodie	https://www.lakeerieclothing.com/product-page/surf-with-passion-color-block-crop-hoodie	https://static.wixstatic.com/media/e35453_965e1381c23244c5a6527c95a2916705~mv2.png		in stock	65.00 USD	Lake Erie Clothing Company	new	Apparel & Accessories > Clothing > Outerwear > Hoodies & Sweatshirts	9f9edc40-cdfe-4bf3-923e-c08db050f7a2	See product page	2XL	female	adult
ca2f3472-0846-483c-bbdd-9296683b38c3	Surf with Passion Crop Hoodie	Surf with Passion Crop Hoodie	https://www.lakeerieclothing.com/product-page/surf-with-passion-crop-hoodie	https://static.wixstatic.com/media/e35453_60ac8e6367944771a6c8c3cd7264f861~mv2.png		in stock	65.00 USD	Lake Erie Clothing Company	new	Apparel & Accessories > Clothing > Outerwear > Hoodies & Sweatshirts	f44a45a9-5e77-4db7-a073-5089f40c5790	See product page	XS	female	adult
27497628-e6f9-45ef-861f-b88973f02932	Surf with Passion Crop Hoodie	Surf with Passion Crop Hoodie	https://www.lakeerieclothing.com/product-page/surf-with-passion-crop-hoodie	https://static.wixstatic.com/media/e35453_60ac8e6367944771a6c8c3cd7264f861~mv2.png		in stock	65.00 USD	Lake Erie Clothing Company	new	Apparel & Accessories > Clothing > Outerwear > Hoodies & Sweatshirts	f44a45a9-5e77-4db7-a073-5089f40c5790	See product page	S	female	adult
00e9a531-1322-4c27-8906-630a597f95bf	Surf with Passion Crop Hoodie	Surf with Passion Crop Hoodie	https://www.lakeerieclothing.com/product-page/surf-with-passion-crop-hoodie	https://static.wixstatic.com/media/e35453_60ac8e6367944771a6c8c3cd7264f861~mv2.png		in stock	65.00 USD	Lake Erie Clothing Company	new	Apparel & Accessories > Clothing > Outerwear > Hoodies & Sweatshirts	f44a45a9-5e77-4db7-a073-5089f40c5790	See product page	M	female	adult
d0e7d9b9-34c2-4b15-9687-b74c9e16e442	Surf with Passion Crop Hoodie	Surf with Passion Crop Hoodie	https://www.lakeerieclothing.com/product-page/surf-with-passion-crop-hoodie	https://static.wixstatic.com/media/e35453_60ac8e6367944771a6c8c3cd7264f861~mv2.png		in stock	65.00 USD	Lake Erie Clothing Company	new	Apparel & Accessories > Clothing > Outerwear > Hoodies & Sweatshirts	f44a45a9-5e77-4db7-a073-5089f40c5790	See product page	L	female	adult
fa10b765-4530-4dcd-b467-f1c81cd19bbd	Surf with Passion Crop Hoodie	Surf with Passion Crop Hoodie	https://www.lakeerieclothing.com/product-page/surf-with-passion-crop-hoodie	https://static.wixstatic.com/media/e35453_60ac8e6367944771a6c8c3cd7264f861~mv2.png		in stock	65.00 USD	Lake Erie Clothing Company	new	Apparel & Accessories > Clothing > Outerwear > Hoodies & Sweatshirts	f44a45a9-5e77-4db7-a073-5089f40c5790	See product page	XL	female	adult
cb7895ef-fadd-444c-af93-f14f7cc73253	Surf with Passion Crop Hoodie	Surf with Passion Crop Hoodie	https://www.lakeerieclothing.com/product-page/surf-with-passion-crop-hoodie	https://static.wixstatic.com/media/e35453_60ac8e6367944771a6c8c3cd7264f861~mv2.png		in stock	65.00 USD	Lake Erie Clothing Company	new	Apparel & Accessories > Clothing > Outerwear > Hoodies & Sweatshirts	f44a45a9-5e77-4db7-a073-5089f40c5790	See product page	2XL	female	adult
7d7b8562-3a7e-49d7-b474-5747a3535b2d	Lake Erie Bow & Anchor Hoodie	Lake Erie Bow & Anchor Hoodie	https://www.lakeerieclothing.com/product-page/lake-erie-bow-anchor-hoodie	https://static.wixstatic.com/media/e35453_db8e9403f7e3420e9f49c0ec8bef7d58~mv2.png		in stock	65.00 USD	Lake Erie Clothing Company	new	Apparel & Accessories > Clothing > Outerwear > Hoodies & Sweatshirts	eda0254f-ee62-4015-aad6-1a55529189db	White	XS	female	adult
4390a784-3dc2-4523-9974-d3de267646c6	Lake Erie Bow & Anchor Hoodie	Lake Erie Bow & Anchor Hoodie	https://www.lakeerieclothing.com/product-page/lake-erie-bow-anchor-hoodie	https://static.wixstatic.com/media/e35453_db8e9403f7e3420e9f49c0ec8bef7d58~mv2.png		in stock	65.00 USD	Lake Erie Clothing Company	new	Apparel & Accessories > Clothing > Outerwear > Hoodies & Sweatshirts	eda0254f-ee62-4015-aad6-1a55529189db	Athletic Heather	XS	female	adult
c3633656-d6e0-485e-959f-f42593acac1f	Lake Erie Bow & Anchor Hoodie	Lake Erie Bow & Anchor Hoodie	https://www.lakeerieclothing.com/product-page/lake-erie-bow-anchor-hoodie	https://static.wixstatic.com/media/e35453_db8e9403f7e3420e9f49c0ec8bef7d58~mv2.png		in stock	65.00 USD	Lake Erie Clothing Company	new	Apparel & Accessories > Clothing > Outerwear > Hoodies & Sweatshirts	eda0254f-ee62-4015-aad6-1a55529189db	White	S	female	adult
767bbe51-19ba-46e3-b721-9be3640bc863	Lake Erie Bow & Anchor Hoodie	Lake Erie Bow & Anchor Hoodie	https://www.lakeerieclothing.com/product-page/lake-erie-bow-anchor-hoodie	https://static.wixstatic.com/media/e35453_db8e9403f7e3420e9f49c0ec8bef7d58~mv2.png		in stock	65.00 USD	Lake Erie Clothing Company	new	Apparel & Accessories > Clothing > Outerwear > Hoodies & Sweatshirts	eda0254f-ee62-4015-aad6-1a55529189db	Athletic Heather	S	female	adult
6b5177f1-3a83-4004-b2b9-0e1ae6dc449f	Lake Erie Bow & Anchor Hoodie	Lake Erie Bow & Anchor Hoodie	https://www.lakeerieclothing.com/product-page/lake-erie-bow-anchor-hoodie	https://static.wixstatic.com/media/e35453_db8e9403f7e3420e9f49c0ec8bef7d58~mv2.png		in stock	65.00 USD	Lake Erie Clothing Company	new	Apparel & Accessories > Clothing > Outerwear > Hoodies & Sweatshirts	eda0254f-ee62-4015-aad6-1a55529189db	White	M	female	adult
7e249612-ad98-4605-80f6-cc6d107a50d6	Lake Erie Bow & Anchor Hoodie	Lake Erie Bow & Anchor Hoodie	https://www.lakeerieclothing.com/product-page/lake-erie-bow-anchor-hoodie	https://static.wixstatic.com/media/e35453_db8e9403f7e3420e9f49c0ec8bef7d58~mv2.png		in stock	65.00 USD	Lake Erie Clothing Company	new	Apparel & Accessories > Clothing > Outerwear > Hoodies & Sweatshirts	eda0254f-ee62-4015-aad6-1a55529189db	Athletic Heather	M	female	adult
7a55769c-3a14-4f81-8945-5375933f2e7a	Lake Erie Bow & Anchor Hoodie	Lake Erie Bow & Anchor Hoodie	https://www.lakeerieclothing.com/product-page/lake-erie-bow-anchor-hoodie	https://static.wixstatic.com/media/e35453_db8e9403f7e3420e9f49c0ec8bef7d58~mv2.png		in stock	65.00 USD	Lake Erie Clothing Company	new	Apparel & Accessories > Clothing > Outerwear > Hoodies & Sweatshirts	eda0254f-ee62-4015-aad6-1a55529189db	White	L	female	adult
030cc347-8731-4724-90e3-bed9f3e29099	Lake Erie Bow & Anchor Hoodie	Lake Erie Bow & Anchor Hoodie	https://www.lakeerieclothing.com/product-page/lake-erie-bow-anchor-hoodie	https://static.wixstatic.com/media/e35453_db8e9403f7e3420e9f49c0ec8bef7d58~mv2.png		in stock	65.00 USD	Lake Erie Clothing Company	new	Apparel & Accessories > Clothing > Outerwear > Hoodies & Sweatshirts	eda0254f-ee62-4015-aad6-1a55529189db	Athletic Heather	L	female	adult
95bf7b17-f84c-4ab3-a94c-b74dee91c65c	Lake Erie Bow & Anchor Hoodie	Lake Erie Bow & Anchor Hoodie	https://www.lakeerieclothing.com/product-page/lake-erie-bow-anchor-hoodie	https://static.wixstatic.com/media/e35453_db8e9403f7e3420e9f49c0ec8bef7d58~mv2.png		in stock	65.00 USD	Lake Erie Clothing Company	new	Apparel & Accessories > Clothing > Outerwear > Hoodies & Sweatshirts	eda0254f-ee62-4015-aad6-1a55529189db	White	XL	female	adult
13790a47-2848-46a5-8752-f3ccd55687a6	Lake Erie Bow & Anchor Hoodie	Lake Erie Bow & Anchor Hoodie	https://www.lakeerieclothing.com/product-page/lake-erie-bow-anchor-hoodie	https://static.wixstatic.com/media/e35453_db8e9403f7e3420e9f49c0ec8bef7d58~mv2.png		in stock	65.00 USD	Lake Erie Clothing Company	new	Apparel & Accessories > Clothing > Outerwear > Hoodies & Sweatshirts	eda0254f-ee62-4015-aad6-1a55529189db	Athletic Heather	XL	female	adult
c4bc3d6a-12df-44ee-a6bf-2112f76297ba	Lake Erie Bow & Anchor Hoodie	Lake Erie Bow & Anchor Hoodie	https://www.lakeerieclothing.com/product-page/lake-erie-bow-anchor-hoodie	https://static.wixstatic.com/media/e35453_db8e9403f7e3420e9f49c0ec8bef7d58~mv2.png		in stock	65.00 USD	Lake Erie Clothing Company	new	Apparel & Accessories > Clothing > Outerwear > Hoodies & Sweatshirts	eda0254f-ee62-4015-aad6-1a55529189db	White	2XL	female	adult
363fa786-7dfa-4a4b-9902-fa221e17de84	Lake Erie Bow & Anchor Hoodie	Lake Erie Bow & Anchor Hoodie	https://www.lakeerieclothing.com/product-page/lake-erie-bow-anchor-hoodie	https://static.wixstatic.com/media/e35453_db8e9403f7e3420e9f49c0ec8bef7d58~mv2.png		in stock	65.00 USD	Lake Erie Clothing Company	new	Apparel & Accessories > Clothing > Outerwear > Hoodies & Sweatshirts	eda0254f-ee62-4015-aad6-1a55529189db	Athletic Heather	2XL	female	adult
5e973f32-3b4d-4fb1-b2ca-1656f8396f45	Lake Vibes Ivory Hoodie	Lake Vibes Ivory Hoodie	https://www.lakeerieclothing.com/product-page/lake-vibes-ivory-hoodie	https://static.wixstatic.com/media/e35453_583f83b970474d15953e7004e2fd8ea0~mv2.png		in stock	65.00 USD	Lake Erie Clothing Company	new	Apparel & Accessories > Clothing > Outerwear > Hoodies & Sweatshirts	68769fff-8443-4d40-9f6e-58fb331b8879	See product page	XS	female	adult
2092b2f4-a807-47e1-abec-1ba094ad8cd4	Lake Vibes Ivory Hoodie	Lake Vibes Ivory Hoodie	https://www.lakeerieclothing.com/product-page/lake-vibes-ivory-hoodie	https://static.wixstatic.com/media/e35453_583f83b970474d15953e7004e2fd8ea0~mv2.png		in stock	65.00 USD	Lake Erie Clothing Company	new	Apparel & Accessories > Clothing > Outerwear > Hoodies & Sweatshirts	68769fff-8443-4d40-9f6e-58fb331b8879	See product page	S	female	adult
c753bc26-512a-4b31-aefc-6132e256b9da	Lake Vibes Ivory Hoodie	Lake Vibes Ivory Hoodie	https://www.lakeerieclothing.com/product-page/lake-vibes-ivory-hoodie	https://static.wixstatic.com/media/e35453_583f83b970474d15953e7004e2fd8ea0~mv2.png		in stock	65.00 USD	Lake Erie Clothing Company	new	Apparel & Accessories > Clothing > Outerwear > Hoodies & Sweatshirts	68769fff-8443-4d40-9f6e-58fb331b8879	See product page	M	female	adult
bf1768cf-ca4a-405e-94cb-08295c677493	Lake Vibes Ivory Hoodie	Lake Vibes Ivory Hoodie	https://www.lakeerieclothing.com/product-page/lake-vibes-ivory-hoodie	https://static.wixstatic.com/media/e35453_583f83b970474d15953e7004e2fd8ea0~mv2.png		in stock	65.00 USD	Lake Erie Clothing Company	new	Apparel & Accessories > Clothing > Outerwear > Hoodies & Sweatshirts	68769fff-8443-4d40-9f6e-58fb331b8879	See product page	L	female	adult
28d4a1cd-472d-464f-be10-af6a1b4c91d5	Lake Vibes Ivory Hoodie	Lake Vibes Ivory Hoodie	https://www.lakeerieclothing.com/product-page/lake-vibes-ivory-hoodie	https://static.wixstatic.com/media/e35453_583f83b970474d15953e7004e2fd8ea0~mv2.png		in stock	65.00 USD	Lake Erie Clothing Company	new	Apparel & Accessories > Clothing > Outerwear > Hoodies & Sweatshirts	68769fff-8443-4d40-9f6e-58fb331b8879	See product page	XL	female	adult
abe5762f-e48e-4198-9491-5861eb82f366	Command the Coast: The Drop Anchor Raise Hell Pirate Fest Tee	Command the Coast: The Drop Anchor Raise Hell Pirate Fest Tee	https://www.lakeerieclothing.com/product-page/command-the-coast-the-drop-anchor-raise-hell-pirate-fest-tee	https://static.wixstatic.com/media/e35453_7e7fdc9cd6144d3c9ef71487cd700a5f~mv2.png		in stock	32.00 USD	Lake Erie Clothing Company	new	Apparel & Accessories > Clothing > Shirts & Tops	e50c17e8-b082-4304-9f0e-36e9c99f8098	White	XS	unisex	adult
17a706d0-7543-437b-a79f-8fdf3087c53f	Command the Coast: The Drop Anchor Raise Hell Pirate Fest Tee	Command the Coast: The Drop Anchor Raise Hell Pirate Fest Tee	https://www.lakeerieclothing.com/product-page/command-the-coast-the-drop-anchor-raise-hell-pirate-fest-tee	https://static.wixstatic.com/media/e35453_be01f00ed28843b1a1cb63d4125fb1d4~mv2.png		in stock	32.00 USD	Lake Erie Clothing Company	new	Apparel & Accessories > Clothing > Shirts & Tops	e50c17e8-b082-4304-9f0e-36e9c99f8098	Black	XS	unisex	adult
08590b51-51ac-42b8-ad7f-cc44629ca663	Command the Coast: The Drop Anchor Raise Hell Pirate Fest Tee	Command the Coast: The Drop Anchor Raise Hell Pirate Fest Tee	https://www.lakeerieclothing.com/product-page/command-the-coast-the-drop-anchor-raise-hell-pirate-fest-tee	https://static.wixstatic.com/media/e35453_2ca2c9e1db8e4821917dc2c4f11f5d16~mv2.png		in stock	32.00 USD	Lake Erie Clothing Company	new	Apparel & Accessories > Clothing > Shirts & Tops	e50c17e8-b082-4304-9f0e-36e9c99f8098	Athletic Heather	XS	unisex	adult
e12942f7-00c4-49cc-a45a-21eedb8d84eb	Command the Coast: The Drop Anchor Raise Hell Pirate Fest Tee	Command the Coast: The Drop Anchor Raise Hell Pirate Fest Tee	https://www.lakeerieclothing.com/product-page/command-the-coast-the-drop-anchor-raise-hell-pirate-fest-tee	https://static.wixstatic.com/media/e35453_7e7fdc9cd6144d3c9ef71487cd700a5f~mv2.png		in stock	32.00 USD	Lake Erie Clothing Company	new	Apparel & Accessories > Clothing > Shirts & Tops	e50c17e8-b082-4304-9f0e-36e9c99f8098	White	S	unisex	adult
510f78b0-9050-4d21-a858-3a32860f203c	Command the Coast: The Drop Anchor Raise Hell Pirate Fest Tee	Command the Coast: The Drop Anchor Raise Hell Pirate Fest Tee	https://www.lakeerieclothing.com/product-page/command-the-coast-the-drop-anchor-raise-hell-pirate-fest-tee	https://static.wixstatic.com/media/e35453_be01f00ed28843b1a1cb63d4125fb1d4~mv2.png		in stock	32.00 USD	Lake Erie Clothing Company	new	Apparel & Accessories > Clothing > Shirts & Tops	e50c17e8-b082-4304-9f0e-36e9c99f8098	Black	S	unisex	adult
c84b4790-5cf5-4e01-bdc7-d8d7e4654679	Command the Coast: The Drop Anchor Raise Hell Pirate Fest Tee	Command the Coast: The Drop Anchor Raise Hell Pirate Fest Tee	https://www.lakeerieclothing.com/product-page/command-the-coast-the-drop-anchor-raise-hell-pirate-fest-tee	https://static.wixstatic.com/media/e35453_2ca2c9e1db8e4821917dc2c4f11f5d16~mv2.png		in stock	32.00 USD	Lake Erie Clothing Company	new	Apparel & Accessories > Clothing > Shirts & Tops	e50c17e8-b082-4304-9f0e-36e9c99f8098	Athletic Heather	S	unisex	adult
d2733730-3494-4fff-a9fe-455a67625693	Command the Coast: The Drop Anchor Raise Hell Pirate Fest Tee	Command the Coast: The Drop Anchor Raise Hell Pirate Fest Tee	https://www.lakeerieclothing.com/product-page/command-the-coast-the-drop-anchor-raise-hell-pirate-fest-tee	https://static.wixstatic.com/media/e35453_7e7fdc9cd6144d3c9ef71487cd700a5f~mv2.png		in stock	32.00 USD	Lake Erie Clothing Company	new	Apparel & Accessories > Clothing > Shirts & Tops	e50c17e8-b082-4304-9f0e-36e9c99f8098	White	M	unisex	adult
ca2011b8-0a24-4e59-a932-a489e0237e37	Command the Coast: The Drop Anchor Raise Hell Pirate Fest Tee	Command the Coast: The Drop Anchor Raise Hell Pirate Fest Tee	https://www.lakeerieclothing.com/product-page/command-the-coast-the-drop-anchor-raise-hell-pirate-fest-tee	https://static.wixstatic.com/media/e35453_be01f00ed28843b1a1cb63d4125fb1d4~mv2.png		in stock	32.00 USD	Lake Erie Clothing Company	new	Apparel & Accessories > Clothing > Shirts & Tops	e50c17e8-b082-4304-9f0e-36e9c99f8098	Black	M	unisex	adult
1757c2d3-0e04-4c4d-9a08-2782afa79d74	Command the Coast: The Drop Anchor Raise Hell Pirate Fest Tee	Command the Coast: The Drop Anchor Raise Hell Pirate Fest Tee	https://www.lakeerieclothing.com/product-page/command-the-coast-the-drop-anchor-raise-hell-pirate-fest-tee	https://static.wixstatic.com/media/e35453_2ca2c9e1db8e4821917dc2c4f11f5d16~mv2.png		in stock	32.00 USD	Lake Erie Clothing Company	new	Apparel & Accessories > Clothing > Shirts & Tops	e50c17e8-b082-4304-9f0e-36e9c99f8098	Athletic Heather	M	unisex	adult
eb320356-4096-4afa-b99d-a0d5262c3d85	Command the Coast: The Drop Anchor Raise Hell Pirate Fest Tee	Command the Coast: The Drop Anchor Raise Hell Pirate Fest Tee	https://www.lakeerieclothing.com/product-page/command-the-coast-the-drop-anchor-raise-hell-pirate-fest-tee	https://static.wixstatic.com/media/e35453_7e7fdc9cd6144d3c9ef71487cd700a5f~mv2.png		in stock	32.00 USD	Lake Erie Clothing Company	new	Apparel & Accessories > Clothing > Shirts & Tops	e50c17e8-b082-4304-9f0e-36e9c99f8098	White	L	unisex	adult
33a5a20e-eae9-4f5f-bb15-93c07875f451	Command the Coast: The Drop Anchor Raise Hell Pirate Fest Tee	Command the Coast: The Drop Anchor Raise Hell Pirate Fest Tee	https://www.lakeerieclothing.com/product-page/command-the-coast-the-drop-anchor-raise-hell-pirate-fest-tee	https://static.wixstatic.com/media/e35453_be01f00ed28843b1a1cb63d4125fb1d4~mv2.png		in stock	32.00 USD	Lake Erie Clothing Company	new	Apparel & Accessories > Clothing > Shirts & Tops	e50c17e8-b082-4304-9f0e-36e9c99f8098	Black	L	unisex	adult
c7ce11b9-2abc-4a22-b215-e8499cff2cba	Command the Coast: The Drop Anchor Raise Hell Pirate Fest Tee	Command the Coast: The Drop Anchor Raise Hell Pirate Fest Tee	https://www.lakeerieclothing.com/product-page/command-the-coast-the-drop-anchor-raise-hell-pirate-fest-tee	https://static.wixstatic.com/media/e35453_2ca2c9e1db8e4821917dc2c4f11f5d16~mv2.png		in stock	32.00 USD	Lake Erie Clothing Company	new	Apparel & Accessories > Clothing > Shirts & Tops	e50c17e8-b082-4304-9f0e-36e9c99f8098	Athletic Heather	L	unisex	adult
87b9f59b-4885-4b53-b7d7-9782ec744902	Command the Coast: The Drop Anchor Raise Hell Pirate Fest Tee	Command the Coast: The Drop Anchor Raise Hell Pirate Fest Tee	https://www.lakeerieclothing.com/product-page/command-the-coast-the-drop-anchor-raise-hell-pirate-fest-tee	https://static.wixstatic.com/media/e35453_7e7fdc9cd6144d3c9ef71487cd700a5f~mv2.png		in stock	32.00 USD	Lake Erie Clothing Company	new	Apparel & Accessories > Clothing > Shirts & Tops	e50c17e8-b082-4304-9f0e-36e9c99f8098	White	XL	unisex	adult
e08b4d78-0bbe-4be2-944b-e79c4be27d08	Command the Coast: The Drop Anchor Raise Hell Pirate Fest Tee	Command the Coast: The Drop Anchor Raise Hell Pirate Fest Tee	https://www.lakeerieclothing.com/product-page/command-the-coast-the-drop-anchor-raise-hell-pirate-fest-tee	https://static.wixstatic.com/media/e35453_be01f00ed28843b1a1cb63d4125fb1d4~mv2.png		in stock	32.00 USD	Lake Erie Clothing Company	new	Apparel & Accessories > Clothing > Shirts & Tops	e50c17e8-b082-4304-9f0e-36e9c99f8098	Black	XL	unisex	adult
3001ec2d-363e-447a-94d4-1e9373820f4f	Command the Coast: The Drop Anchor Raise Hell Pirate Fest Tee	Command the Coast: The Drop Anchor Raise Hell Pirate Fest Tee	https://www.lakeerieclothing.com/product-page/command-the-coast-the-drop-anchor-raise-hell-pirate-fest-tee	https://static.wixstatic.com/media/e35453_2ca2c9e1db8e4821917dc2c4f11f5d16~mv2.png		in stock	32.00 USD	Lake Erie Clothing Company	new	Apparel & Accessories > Clothing > Shirts & Tops	e50c17e8-b082-4304-9f0e-36e9c99f8098	Athletic Heather	XL	unisex	adult
15a59a30-a919-4ddc-ac30-3d4fa08dbe2b	Command the Coast: The Drop Anchor Raise Hell Pirate Fest Tee	Command the Coast: The Drop Anchor Raise Hell Pirate Fest Tee	https://www.lakeerieclothing.com/product-page/command-the-coast-the-drop-anchor-raise-hell-pirate-fest-tee	https://static.wixstatic.com/media/e35453_7e7fdc9cd6144d3c9ef71487cd700a5f~mv2.png		in stock	32.00 USD	Lake Erie Clothing Company	new	Apparel & Accessories > Clothing > Shirts & Tops	e50c17e8-b082-4304-9f0e-36e9c99f8098	White	2XL	unisex	adult
0fc50ab4-1ace-4f87-9a2b-200a2fb016d9	Command the Coast: The Drop Anchor Raise Hell Pirate Fest Tee	Command the Coast: The Drop Anchor Raise Hell Pirate Fest Tee	https://www.lakeerieclothing.com/product-page/command-the-coast-the-drop-anchor-raise-hell-pirate-fest-tee	https://static.wixstatic.com/media/e35453_be01f00ed28843b1a1cb63d4125fb1d4~mv2.png		in stock	32.00 USD	Lake Erie Clothing Company	new	Apparel & Accessories > Clothing > Shirts & Tops	e50c17e8-b082-4304-9f0e-36e9c99f8098	Black	2XL	unisex	adult
f5a25fbb-632f-4fe8-85e8-129c3c19d962	Command the Coast: The Drop Anchor Raise Hell Pirate Fest Tee	Command the Coast: The Drop Anchor Raise Hell Pirate Fest Tee	https://www.lakeerieclothing.com/product-page/command-the-coast-the-drop-anchor-raise-hell-pirate-fest-tee	https://static.wixstatic.com/media/e35453_2ca2c9e1db8e4821917dc2c4f11f5d16~mv2.png		in stock	32.00 USD	Lake Erie Clothing Company	new	Apparel & Accessories > Clothing > Shirts & Tops	e50c17e8-b082-4304-9f0e-36e9c99f8098	Athletic Heather	2XL	unisex	adult
80bb60dc-7475-4108-b6ee-840b14e1fcf8	Black Flags & Rum Pirate Fest Tee	Black Flags & Rum Pirate Fest Tee	https://www.lakeerieclothing.com/product-page/black-flags-rum-pirate-fest-tee	https://static.wixstatic.com/media/e35453_da815f6e302b46938047c6d328b7456c~mv2.png		in stock	30.00 USD	Lake Erie Clothing Company	new	Apparel & Accessories > Clothing > Shirts & Tops	b7745efc-2f70-4d0a-8b50-0b3704b5d51c	Granite	XS	unisex	adult
a6c9519e-cdb5-416d-b5af-cebb153ecffb	Black Flags & Rum Pirate Fest Tee	Black Flags & Rum Pirate Fest Tee	https://www.lakeerieclothing.com/product-page/black-flags-rum-pirate-fest-tee	https://static.wixstatic.com/media/e35453_6abea03028fb4d988e7480ca308d2293~mv2.png		in stock	30.00 USD	Lake Erie Clothing Company	new	Apparel & Accessories > Clothing > Shirts & Tops	b7745efc-2f70-4d0a-8b50-0b3704b5d51c	White	XS	unisex	adult
8e4565ab-bcb2-4d58-b0bf-adb31bf14eeb	Black Flags & Rum Pirate Fest Tee	Black Flags & Rum Pirate Fest Tee	https://www.lakeerieclothing.com/product-page/black-flags-rum-pirate-fest-tee	https://static.wixstatic.com/media/e35453_da815f6e302b46938047c6d328b7456c~mv2.png		in stock	30.00 USD	Lake Erie Clothing Company	new	Apparel & Accessories > Clothing > Shirts & Tops	b7745efc-2f70-4d0a-8b50-0b3704b5d51c	Granite	S	unisex	adult
1606efc2-72b4-40bf-b4fc-38546bde8e70	Black Flags & Rum Pirate Fest Tee	Black Flags & Rum Pirate Fest Tee	https://www.lakeerieclothing.com/product-page/black-flags-rum-pirate-fest-tee	https://static.wixstatic.com/media/e35453_6abea03028fb4d988e7480ca308d2293~mv2.png		in stock	30.00 USD	Lake Erie Clothing Company	new	Apparel & Accessories > Clothing > Shirts & Tops	b7745efc-2f70-4d0a-8b50-0b3704b5d51c	White	S	unisex	adult
e549e1b2-c087-4ea6-bd65-b21e6990c136	Black Flags & Rum Pirate Fest Tee	Black Flags & Rum Pirate Fest Tee	https://www.lakeerieclothing.com/product-page/black-flags-rum-pirate-fest-tee	https://static.wixstatic.com/media/e35453_da815f6e302b46938047c6d328b7456c~mv2.png		in stock	30.00 USD	Lake Erie Clothing Company	new	Apparel & Accessories > Clothing > Shirts & Tops	b7745efc-2f70-4d0a-8b50-0b3704b5d51c	Granite	M	unisex	adult
737b6a46-5594-4317-a575-18b86bc36d12	Black Flags & Rum Pirate Fest Tee	Black Flags & Rum Pirate Fest Tee	https://www.lakeerieclothing.com/product-page/black-flags-rum-pirate-fest-tee	https://static.wixstatic.com/media/e35453_6abea03028fb4d988e7480ca308d2293~mv2.png		in stock	30.00 USD	Lake Erie Clothing Company	new	Apparel & Accessories > Clothing > Shirts & Tops	b7745efc-2f70-4d0a-8b50-0b3704b5d51c	White	M	unisex	adult
22afe0bf-83ed-41b9-9baf-f4c5c409c0c0	Black Flags & Rum Pirate Fest Tee	Black Flags & Rum Pirate Fest Tee	https://www.lakeerieclothing.com/product-page/black-flags-rum-pirate-fest-tee	https://static.wixstatic.com/media/e35453_da815f6e302b46938047c6d328b7456c~mv2.png		in stock	30.00 USD	Lake Erie Clothing Company	new	Apparel & Accessories > Clothing > Shirts & Tops	b7745efc-2f70-4d0a-8b50-0b3704b5d51c	Granite	L	unisex	adult
74e4c8ab-2d6e-44f5-b286-fedc49d51ad7	Black Flags & Rum Pirate Fest Tee	Black Flags & Rum Pirate Fest Tee	https://www.lakeerieclothing.com/product-page/black-flags-rum-pirate-fest-tee	https://static.wixstatic.com/media/e35453_6abea03028fb4d988e7480ca308d2293~mv2.png		in stock	30.00 USD	Lake Erie Clothing Company	new	Apparel & Accessories > Clothing > Shirts & Tops	b7745efc-2f70-4d0a-8b50-0b3704b5d51c	White	L	unisex	adult
e09a5aca-74bf-4148-a178-267ddbd52698	Black Flags & Rum Pirate Fest Tee	Black Flags & Rum Pirate Fest Tee	https://www.lakeerieclothing.com/product-page/black-flags-rum-pirate-fest-tee	https://static.wixstatic.com/media/e35453_da815f6e302b46938047c6d328b7456c~mv2.png		in stock	30.00 USD	Lake Erie Clothing Company	new	Apparel & Accessories > Clothing > Shirts & Tops	b7745efc-2f70-4d0a-8b50-0b3704b5d51c	Granite	XL	unisex	adult
138b025d-4aec-4c18-8b03-dbb0501c6e1d	Black Flags & Rum Pirate Fest Tee	Black Flags & Rum Pirate Fest Tee	https://www.lakeerieclothing.com/product-page/black-flags-rum-pirate-fest-tee	https://static.wixstatic.com/media/e35453_6abea03028fb4d988e7480ca308d2293~mv2.png		in stock	30.00 USD	Lake Erie Clothing Company	new	Apparel & Accessories > Clothing > Shirts & Tops	b7745efc-2f70-4d0a-8b50-0b3704b5d51c	White	XL	unisex	adult
494a3b1f-df1d-4474-97ca-d52b355d4b8d	Black Flags & Rum Pirate Fest Tee	Black Flags & Rum Pirate Fest Tee	https://www.lakeerieclothing.com/product-page/black-flags-rum-pirate-fest-tee	https://static.wixstatic.com/media/e35453_da815f6e302b46938047c6d328b7456c~mv2.png		in stock	30.00 USD	Lake Erie Clothing Company	new	Apparel & Accessories > Clothing > Shirts & Tops	b7745efc-2f70-4d0a-8b50-0b3704b5d51c	Granite	2XL	unisex	adult
3982f811-dda6-4cad-bb32-4b1ca5eb5815	Black Flags & Rum Pirate Fest Tee	Black Flags & Rum Pirate Fest Tee	https://www.lakeerieclothing.com/product-page/black-flags-rum-pirate-fest-tee	https://static.wixstatic.com/media/e35453_6abea03028fb4d988e7480ca308d2293~mv2.png		in stock	30.00 USD	Lake Erie Clothing Company	new	Apparel & Accessories > Clothing > Shirts & Tops	b7745efc-2f70-4d0a-8b50-0b3704b5d51c	White	2XL	unisex	adult
79d56757-5121-4476-8920-fd93e1a707e3	Our Fave Places Signature T	Our Fave Places Signature T	https://www.lakeerieclothing.com/product-page/the-shoreline-circuit-signature-tee	https://static.wixstatic.com/media/e35453_48361319d0a24aff89e3f97d0e2008be~mv2.png		in stock	30.00 USD	Lake Erie Clothing Company	new	Apparel & Accessories > Clothing	9c83bf4a-9847-4ecb-abb8-700a6f8fc2c9	See product page	XS	unisex	adult
a7866daa-3028-40fa-b3ad-fc27c6af4f5c	Our Fave Places Signature T	Our Fave Places Signature T	https://www.lakeerieclothing.com/product-page/the-shoreline-circuit-signature-tee	https://static.wixstatic.com/media/e35453_48361319d0a24aff89e3f97d0e2008be~mv2.png		in stock	30.00 USD	Lake Erie Clothing Company	new	Apparel & Accessories > Clothing	9c83bf4a-9847-4ecb-abb8-700a6f8fc2c9	See product page	S	unisex	adult
8de143a2-218e-4710-b5e8-b3ffdffe2b30	Our Fave Places Signature T	Our Fave Places Signature T	https://www.lakeerieclothing.com/product-page/the-shoreline-circuit-signature-tee	https://static.wixstatic.com/media/e35453_48361319d0a24aff89e3f97d0e2008be~mv2.png		in stock	30.00 USD	Lake Erie Clothing Company	new	Apparel & Accessories > Clothing	9c83bf4a-9847-4ecb-abb8-700a6f8fc2c9	See product page	M	unisex	adult
79bf6f98-e401-4de8-aca1-ab0b40bf94a1	Our Fave Places Signature T	Our Fave Places Signature T	https://www.lakeerieclothing.com/product-page/the-shoreline-circuit-signature-tee	https://static.wixstatic.com/media/e35453_48361319d0a24aff89e3f97d0e2008be~mv2.png		in stock	30.00 USD	Lake Erie Clothing Company	new	Apparel & Accessories > Clothing	9c83bf4a-9847-4ecb-abb8-700a6f8fc2c9	See product page	L	unisex	adult
3afbf892-754a-45f4-87b1-4742d28b3010	Our Fave Places Signature T	Our Fave Places Signature T	https://www.lakeerieclothing.com/product-page/the-shoreline-circuit-signature-tee	https://static.wixstatic.com/media/e35453_48361319d0a24aff89e3f97d0e2008be~mv2.png		in stock	30.00 USD	Lake Erie Clothing Company	new	Apparel & Accessories > Clothing	9c83bf4a-9847-4ecb-abb8-700a6f8fc2c9	See product page	XL	unisex	adult
0ce14968-104c-46d9-8477-3a52754827e3	Our Fave Places Signature T	Our Fave Places Signature T	https://www.lakeerieclothing.com/product-page/the-shoreline-circuit-signature-tee	https://static.wixstatic.com/media/e35453_48361319d0a24aff89e3f97d0e2008be~mv2.png		in stock	30.00 USD	Lake Erie Clothing Company	new	Apparel & Accessories > Clothing	9c83bf4a-9847-4ecb-abb8-700a6f8fc2c9	See product page	2XL	unisex	adult
dbdd3181-c4d8-4de8-b69a-4252089d0775	My Boat, My Rules Three Quarter Zip	My Boat, My Rules Three Quarter Zip	https://www.lakeerieclothing.com/product-page/my-boat-my-rules-three-quarter-zip	https://static.wixstatic.com/media/e35453_783c5447763e4b8098975e8e660a66f5~mv2.png		in stock	65.00 USD	Lake Erie Clothing Company	new	Apparel & Accessories > Clothing > Outerwear > Hoodies & Sweatshirts	f971eca4-6afd-457e-8796-ca483152fb74	See product page	XS	unisex	adult
f6996fa2-9c9a-41f0-aae2-f47723807e49	My Boat, My Rules Three Quarter Zip	My Boat, My Rules Three Quarter Zip	https://www.lakeerieclothing.com/product-page/my-boat-my-rules-three-quarter-zip	https://static.wixstatic.com/media/e35453_783c5447763e4b8098975e8e660a66f5~mv2.png		in stock	65.00 USD	Lake Erie Clothing Company	new	Apparel & Accessories > Clothing > Outerwear > Hoodies & Sweatshirts	f971eca4-6afd-457e-8796-ca483152fb74	See product page	S	unisex	adult
2fcfae03-5829-45c5-a36c-f0822386d56a	My Boat, My Rules Three Quarter Zip	My Boat, My Rules Three Quarter Zip	https://www.lakeerieclothing.com/product-page/my-boat-my-rules-three-quarter-zip	https://static.wixstatic.com/media/e35453_783c5447763e4b8098975e8e660a66f5~mv2.png		in stock	65.00 USD	Lake Erie Clothing Company	new	Apparel & Accessories > Clothing > Outerwear > Hoodies & Sweatshirts	f971eca4-6afd-457e-8796-ca483152fb74	See product page	M	unisex	adult
8b7c8363-0907-4253-b020-2f2b24eabb19	My Boat, My Rules Three Quarter Zip	My Boat, My Rules Three Quarter Zip	https://www.lakeerieclothing.com/product-page/my-boat-my-rules-three-quarter-zip	https://static.wixstatic.com/media/e35453_783c5447763e4b8098975e8e660a66f5~mv2.png		in stock	65.00 USD	Lake Erie Clothing Company	new	Apparel & Accessories > Clothing > Outerwear > Hoodies & Sweatshirts	f971eca4-6afd-457e-8796-ca483152fb74	See product page	L	unisex	adult
494e5e46-7721-477e-ba5e-6af948803aac	My Boat, My Rules Three Quarter Zip	My Boat, My Rules Three Quarter Zip	https://www.lakeerieclothing.com/product-page/my-boat-my-rules-three-quarter-zip	https://static.wixstatic.com/media/e35453_783c5447763e4b8098975e8e660a66f5~mv2.png		in stock	65.00 USD	Lake Erie Clothing Company	new	Apparel & Accessories > Clothing > Outerwear > Hoodies & Sweatshirts	f971eca4-6afd-457e-8796-ca483152fb74	See product page	XL	unisex	adult
ee6eeaf9-1ff0-4030-a9c7-c0a7454c39ae	My Boat, My Rules Three Quarter Zip	My Boat, My Rules Three Quarter Zip	https://www.lakeerieclothing.com/product-page/my-boat-my-rules-three-quarter-zip	https://static.wixstatic.com/media/e35453_783c5447763e4b8098975e8e660a66f5~mv2.png		in stock	65.00 USD	Lake Erie Clothing Company	new	Apparel & Accessories > Clothing > Outerwear > Hoodies & Sweatshirts	f971eca4-6afd-457e-8796-ca483152fb74	See product page	2XL	unisex	adult
8ec512f1-dae5-435b-aa08-0e8340a88610	My Boat, My Rules Captain's Tee	My Boat, My Rules Captain's Tee	https://www.lakeerieclothing.com/product-page/my-boat-my-rules-captains-tee	https://static.wixstatic.com/media/e35453_2575ca3ba76f4e7a80e8496affa39751~mv2.png		in stock	28.00 USD	Lake Erie Clothing Company	new	Apparel & Accessories > Clothing > Shirts & Tops	fee1620f-573f-4e00-85b4-1e88f8e2b47a	See product page	XS	unisex	adult
868e9df0-ed96-426f-bfbc-6a622b4fa672	My Boat, My Rules Captain's Tee	My Boat, My Rules Captain's Tee	https://www.lakeerieclothing.com/product-page/my-boat-my-rules-captains-tee	https://static.wixstatic.com/media/e35453_2575ca3ba76f4e7a80e8496affa39751~mv2.png		in stock	28.00 USD	Lake Erie Clothing Company	new	Apparel & Accessories > Clothing > Shirts & Tops	fee1620f-573f-4e00-85b4-1e88f8e2b47a	See product page	S	unisex	adult
82ca14a2-ef02-43b0-9e94-b5e2bbeaaeb4	My Boat, My Rules Captain's Tee	My Boat, My Rules Captain's Tee	https://www.lakeerieclothing.com/product-page/my-boat-my-rules-captains-tee	https://static.wixstatic.com/media/e35453_2575ca3ba76f4e7a80e8496affa39751~mv2.png		in stock	28.00 USD	Lake Erie Clothing Company	new	Apparel & Accessories > Clothing > Shirts & Tops	fee1620f-573f-4e00-85b4-1e88f8e2b47a	See product page	M	unisex	adult
ec4e0f4a-63bf-4d4c-9b14-181a7f819382	My Boat, My Rules Captain's Tee	My Boat, My Rules Captain's Tee	https://www.lakeerieclothing.com/product-page/my-boat-my-rules-captains-tee	https://static.wixstatic.com/media/e35453_2575ca3ba76f4e7a80e8496affa39751~mv2.png		in stock	28.00 USD	Lake Erie Clothing Company	new	Apparel & Accessories > Clothing > Shirts & Tops	fee1620f-573f-4e00-85b4-1e88f8e2b47a	See product page	L	unisex	adult
5896f5ad-5820-42ad-ba34-8e6b0b33c70b	My Boat, My Rules Captain's Tee	My Boat, My Rules Captain's Tee	https://www.lakeerieclothing.com/product-page/my-boat-my-rules-captains-tee	https://static.wixstatic.com/media/e35453_2575ca3ba76f4e7a80e8496affa39751~mv2.png		in stock	28.00 USD	Lake Erie Clothing Company	new	Apparel & Accessories > Clothing > Shirts & Tops	fee1620f-573f-4e00-85b4-1e88f8e2b47a	See product page	XL	unisex	adult
3d5e3842-af2a-4fa8-bb78-da090a62d6f5	My Boat, My Rules Captain's Tee	My Boat, My Rules Captain's Tee	https://www.lakeerieclothing.com/product-page/my-boat-my-rules-captains-tee	https://static.wixstatic.com/media/e35453_2575ca3ba76f4e7a80e8496affa39751~mv2.png		in stock	28.00 USD	Lake Erie Clothing Company	new	Apparel & Accessories > Clothing > Shirts & Tops	fee1620f-573f-4e00-85b4-1e88f8e2b47a	See product page	2XL	unisex	adult
2ce33b6d-0b99-4726-9ca6-a99bdd7fb04f	Get Hooked Lake Erie Essential Tee	Get Hooked Lake Erie Essential Tee	https://www.lakeerieclothing.com/product-page/get-hooked-lake-erie-essential-tee	https://static.wixstatic.com/media/e35453_2e2051ff46344334b26af1600063213a~mv2.png		in stock	28.00 USD	Lake Erie Clothing Company	new	Apparel & Accessories > Clothing > Shirts & Tops	3a849105-bd9a-46f3-a8a2-8d1a81f8bbc1	Black	XS	unisex	adult
ec76be98-a60f-4824-aaa3-6b8751e9ac92	Get Hooked Lake Erie Essential Tee	Get Hooked Lake Erie Essential Tee	https://www.lakeerieclothing.com/product-page/get-hooked-lake-erie-essential-tee	https://static.wixstatic.com/media/e35453_95ee261285a948389364ba8b5fa5cd4d~mv2.png		in stock	28.00 USD	Lake Erie Clothing Company	new	Apparel & Accessories > Clothing > Shirts & Tops	3a849105-bd9a-46f3-a8a2-8d1a81f8bbc1	White	XS	unisex	adult
8b86be0c-5e24-47cf-8d13-cf676819eddb	Get Hooked Lake Erie Essential Tee	Get Hooked Lake Erie Essential Tee	https://www.lakeerieclothing.com/product-page/get-hooked-lake-erie-essential-tee	https://static.wixstatic.com/media/e35453_2e2051ff46344334b26af1600063213a~mv2.png		in stock	28.00 USD	Lake Erie Clothing Company	new	Apparel & Accessories > Clothing > Shirts & Tops	3a849105-bd9a-46f3-a8a2-8d1a81f8bbc1	Black	S	unisex	adult
3d36bd29-a3ae-4672-9635-0f8f476355d4	Get Hooked Lake Erie Essential Tee	Get Hooked Lake Erie Essential Tee	https://www.lakeerieclothing.com/product-page/get-hooked-lake-erie-essential-tee	https://static.wixstatic.com/media/e35453_95ee261285a948389364ba8b5fa5cd4d~mv2.png		in stock	28.00 USD	Lake Erie Clothing Company	new	Apparel & Accessories > Clothing > Shirts & Tops	3a849105-bd9a-46f3-a8a2-8d1a81f8bbc1	White	S	unisex	adult
c0fd466a-a48c-4734-8f0a-0ff22494a895	Get Hooked Lake Erie Essential Tee	Get Hooked Lake Erie Essential Tee	https://www.lakeerieclothing.com/product-page/get-hooked-lake-erie-essential-tee	https://static.wixstatic.com/media/e35453_2e2051ff46344334b26af1600063213a~mv2.png		in stock	28.00 USD	Lake Erie Clothing Company	new	Apparel & Accessories > Clothing > Shirts & Tops	3a849105-bd9a-46f3-a8a2-8d1a81f8bbc1	Black	M	unisex	adult
498ed659-3d3e-4b35-872a-234f9da82c18	Get Hooked Lake Erie Essential Tee	Get Hooked Lake Erie Essential Tee	https://www.lakeerieclothing.com/product-page/get-hooked-lake-erie-essential-tee	https://static.wixstatic.com/media/e35453_95ee261285a948389364ba8b5fa5cd4d~mv2.png		in stock	28.00 USD	Lake Erie Clothing Company	new	Apparel & Accessories > Clothing > Shirts & Tops	3a849105-bd9a-46f3-a8a2-8d1a81f8bbc1	White	M	unisex	adult
92c89d31-e0ae-45a6-a2ca-3b25a5fc1b84	Get Hooked Lake Erie Essential Tee	Get Hooked Lake Erie Essential Tee	https://www.lakeerieclothing.com/product-page/get-hooked-lake-erie-essential-tee	https://static.wixstatic.com/media/e35453_2e2051ff46344334b26af1600063213a~mv2.png		in stock	28.00 USD	Lake Erie Clothing Company	new	Apparel & Accessories > Clothing > Shirts & Tops	3a849105-bd9a-46f3-a8a2-8d1a81f8bbc1	Black	L	unisex	adult
2588e20f-3cb4-4b58-a66b-11e05a0ecdba	Get Hooked Lake Erie Essential Tee	Get Hooked Lake Erie Essential Tee	https://www.lakeerieclothing.com/product-page/get-hooked-lake-erie-essential-tee	https://static.wixstatic.com/media/e35453_95ee261285a948389364ba8b5fa5cd4d~mv2.png		in stock	28.00 USD	Lake Erie Clothing Company	new	Apparel & Accessories > Clothing > Shirts & Tops	3a849105-bd9a-46f3-a8a2-8d1a81f8bbc1	White	L	unisex	adult
4bb6a702-b134-40c7-948b-d74562550f89	Get Hooked Lake Erie Essential Tee	Get Hooked Lake Erie Essential Tee	https://www.lakeerieclothing.com/product-page/get-hooked-lake-erie-essential-tee	https://static.wixstatic.com/media/e35453_2e2051ff46344334b26af1600063213a~mv2.png		in stock	28.00 USD	Lake Erie Clothing Company	new	Apparel & Accessories > Clothing > Shirts & Tops	3a849105-bd9a-46f3-a8a2-8d1a81f8bbc1	Black	XL	unisex	adult
b8844f43-d473-4b95-ab7e-f24a8d8bd87a	Get Hooked Lake Erie Essential Tee	Get Hooked Lake Erie Essential Tee	https://www.lakeerieclothing.com/product-page/get-hooked-lake-erie-essential-tee	https://static.wixstatic.com/media/e35453_95ee261285a948389364ba8b5fa5cd4d~mv2.png		in stock	28.00 USD	Lake Erie Clothing Company	new	Apparel & Accessories > Clothing > Shirts & Tops	3a849105-bd9a-46f3-a8a2-8d1a81f8bbc1	White	XL	unisex	adult
0c2e467a-2ca5-4bad-bc3a-e6de78809d40	Get Hooked Lake Erie Essential Tee	Get Hooked Lake Erie Essential Tee	https://www.lakeerieclothing.com/product-page/get-hooked-lake-erie-essential-tee	https://static.wixstatic.com/media/e35453_2e2051ff46344334b26af1600063213a~mv2.png		in stock	28.00 USD	Lake Erie Clothing Company	new	Apparel & Accessories > Clothing > Shirts & Tops	3a849105-bd9a-46f3-a8a2-8d1a81f8bbc1	Black	2XL	unisex	adult
b6a34ed7-095c-4c54-b3e0-97573720fe42	Get Hooked Lake Erie Essential Tee	Get Hooked Lake Erie Essential Tee	https://www.lakeerieclothing.com/product-page/get-hooked-lake-erie-essential-tee	https://static.wixstatic.com/media/e35453_95ee261285a948389364ba8b5fa5cd4d~mv2.png		in stock	28.00 USD	Lake Erie Clothing Company	new	Apparel & Accessories > Clothing > Shirts & Tops	3a849105-bd9a-46f3-a8a2-8d1a81f8bbc1	White	2XL	unisex	adult
b421017a-c599-49cd-aeec-7eb76b856b21	Lake Erie Heritage Anchor Hoodie	Lake Erie Heritage Anchor Hoodie	https://www.lakeerieclothing.com/product-page/lake-erie-heritage-anchor-hoodie	https://static.wixstatic.com/media/e35453_853edab97caf4f2fb203a5ce6aa749af~mv2.png		in stock	55.00 USD	Lake Erie Clothing Company	new	Apparel & Accessories > Clothing > Outerwear > Hoodies & Sweatshirts	2369009c-e52a-4554-8d6c-66b97e5e9d72	See product page	XS	unisex	adult
fc28aad7-4a12-4f4c-8cdf-7d850594fd8d	Lake Erie Heritage Anchor Hoodie	Lake Erie Heritage Anchor Hoodie	https://www.lakeerieclothing.com/product-page/lake-erie-heritage-anchor-hoodie	https://static.wixstatic.com/media/e35453_853edab97caf4f2fb203a5ce6aa749af~mv2.png		in stock	55.00 USD	Lake Erie Clothing Company	new	Apparel & Accessories > Clothing > Outerwear > Hoodies & Sweatshirts	2369009c-e52a-4554-8d6c-66b97e5e9d72	See product page	S	unisex	adult
b88b8e5f-269e-4f2f-9fd0-592c2d7f09cc	Lake Erie Heritage Anchor Hoodie	Lake Erie Heritage Anchor Hoodie	https://www.lakeerieclothing.com/product-page/lake-erie-heritage-anchor-hoodie	https://static.wixstatic.com/media/e35453_853edab97caf4f2fb203a5ce6aa749af~mv2.png		in stock	55.00 USD	Lake Erie Clothing Company	new	Apparel & Accessories > Clothing > Outerwear > Hoodies & Sweatshirts	2369009c-e52a-4554-8d6c-66b97e5e9d72	See product page	M	unisex	adult
549c8313-279a-4ec3-8b57-8ebea007450a	Lake Erie Heritage Anchor Hoodie	Lake Erie Heritage Anchor Hoodie	https://www.lakeerieclothing.com/product-page/lake-erie-heritage-anchor-hoodie	https://static.wixstatic.com/media/e35453_853edab97caf4f2fb203a5ce6aa749af~mv2.png		in stock	55.00 USD	Lake Erie Clothing Company	new	Apparel & Accessories > Clothing > Outerwear > Hoodies & Sweatshirts	2369009c-e52a-4554-8d6c-66b97e5e9d72	See product page	L	unisex	adult
8e92527d-c897-4b7b-ac56-9595a482de27	Lake Erie Heritage Anchor Hoodie	Lake Erie Heritage Anchor Hoodie	https://www.lakeerieclothing.com/product-page/lake-erie-heritage-anchor-hoodie	https://static.wixstatic.com/media/e35453_853edab97caf4f2fb203a5ce6aa749af~mv2.png		in stock	55.00 USD	Lake Erie Clothing Company	new	Apparel & Accessories > Clothing > Outerwear > Hoodies & Sweatshirts	2369009c-e52a-4554-8d6c-66b97e5e9d72	See product page	XL	unisex	adult
457a8720-0297-4a37-baa0-aefad384550e	Get Hooked Sweatshirt	Get Hooked Sweatshirt	https://www.lakeerieclothing.com/product-page/get-hooked-sweatshirt	https://static.wixstatic.com/media/e35453_bfa8af370beb48dabadf9ce18769b16d~mv2.png		in stock	50.00 USD	Lake Erie Clothing Company	new	Apparel & Accessories > Clothing > Outerwear > Hoodies & Sweatshirts	72dcd935-67ed-458d-8500-f46a8bf59541	See product page	XS	unisex	adult
8a3ed3fb-f9fc-4bc9-9db9-a7d0d5e879ed	Get Hooked Sweatshirt	Get Hooked Sweatshirt	https://www.lakeerieclothing.com/product-page/get-hooked-sweatshirt	https://static.wixstatic.com/media/e35453_bfa8af370beb48dabadf9ce18769b16d~mv2.png		in stock	50.00 USD	Lake Erie Clothing Company	new	Apparel & Accessories > Clothing > Outerwear > Hoodies & Sweatshirts	72dcd935-67ed-458d-8500-f46a8bf59541	See product page	S	unisex	adult
3b96f32a-5f37-438e-832f-17d6ed877bf1	Get Hooked Sweatshirt	Get Hooked Sweatshirt	https://www.lakeerieclothing.com/product-page/get-hooked-sweatshirt	https://static.wixstatic.com/media/e35453_bfa8af370beb48dabadf9ce18769b16d~mv2.png		in stock	50.00 USD	Lake Erie Clothing Company	new	Apparel & Accessories > Clothing > Outerwear > Hoodies & Sweatshirts	72dcd935-67ed-458d-8500-f46a8bf59541	See product page	M	unisex	adult
aa58a039-ffaf-4835-978e-8af858a901fd	Get Hooked Sweatshirt	Get Hooked Sweatshirt	https://www.lakeerieclothing.com/product-page/get-hooked-sweatshirt	https://static.wixstatic.com/media/e35453_bfa8af370beb48dabadf9ce18769b16d~mv2.png		in stock	50.00 USD	Lake Erie Clothing Company	new	Apparel & Accessories > Clothing > Outerwear > Hoodies & Sweatshirts	72dcd935-67ed-458d-8500-f46a8bf59541	See product page	L	unisex	adult
e6931560-dddc-42e6-89e8-d9f8208151d8	Get Hooked Sweatshirt	Get Hooked Sweatshirt	https://www.lakeerieclothing.com/product-page/get-hooked-sweatshirt	https://static.wixstatic.com/media/e35453_bfa8af370beb48dabadf9ce18769b16d~mv2.png		in stock	50.00 USD	Lake Erie Clothing Company	new	Apparel & Accessories > Clothing > Outerwear > Hoodies & Sweatshirts	72dcd935-67ed-458d-8500-f46a8bf59541	See product page	XL	unisex	adult
8457fc72-5db0-4875-af00-3c253ae199d5	Catch the Wave - Lake Erie Surf Club Sweatshirt	Catch the Wave - Lake Erie Surf Club Sweatshirt	https://www.lakeerieclothing.com/product-page/catch-the-wave-lake-erie-surf-club-sweatshirt	https://static.wixstatic.com/media/e35453_ae053750b01f4eeb8aa7979d953384b4~mv2.png		in stock	50.00 USD	Lake Erie Clothing Company	new	Apparel & Accessories > Clothing > Outerwear > Hoodies & Sweatshirts	cc1f9f54-a555-4977-8a52-fd63b3f622e8	See product page	XS	unisex	adult
a94dd4b1-1699-48ba-b194-4b143860e3e6	Catch the Wave - Lake Erie Surf Club Sweatshirt	Catch the Wave - Lake Erie Surf Club Sweatshirt	https://www.lakeerieclothing.com/product-page/catch-the-wave-lake-erie-surf-club-sweatshirt	https://static.wixstatic.com/media/e35453_ae053750b01f4eeb8aa7979d953384b4~mv2.png		in stock	50.00 USD	Lake Erie Clothing Company	new	Apparel & Accessories > Clothing > Outerwear > Hoodies & Sweatshirts	cc1f9f54-a555-4977-8a52-fd63b3f622e8	See product page	S	unisex	adult
e2bdb18e-e05b-476b-b3b2-96caa173ce8e	Catch the Wave - Lake Erie Surf Club Sweatshirt	Catch the Wave - Lake Erie Surf Club Sweatshirt	https://www.lakeerieclothing.com/product-page/catch-the-wave-lake-erie-surf-club-sweatshirt	https://static.wixstatic.com/media/e35453_ae053750b01f4eeb8aa7979d953384b4~mv2.png		in stock	50.00 USD	Lake Erie Clothing Company	new	Apparel & Accessories > Clothing > Outerwear > Hoodies & Sweatshirts	cc1f9f54-a555-4977-8a52-fd63b3f622e8	See product page	M	unisex	adult
7fc8ee62-50e2-4b4a-8bcd-2424bb79e098	Catch the Wave - Lake Erie Surf Club Sweatshirt	Catch the Wave - Lake Erie Surf Club Sweatshirt	https://www.lakeerieclothing.com/product-page/catch-the-wave-lake-erie-surf-club-sweatshirt	https://static.wixstatic.com/media/e35453_ae053750b01f4eeb8aa7979d953384b4~mv2.png		in stock	50.00 USD	Lake Erie Clothing Company	new	Apparel & Accessories > Clothing > Outerwear > Hoodies & Sweatshirts	cc1f9f54-a555-4977-8a52-fd63b3f622e8	See product page	L	unisex	adult
aa0657eb-7bd3-44b7-9bbe-64ac3b25a59c	Catch the Wave - Lake Erie Surf Club Sweatshirt	Catch the Wave - Lake Erie Surf Club Sweatshirt	https://www.lakeerieclothing.com/product-page/catch-the-wave-lake-erie-surf-club-sweatshirt	https://static.wixstatic.com/media/e35453_ae053750b01f4eeb8aa7979d953384b4~mv2.png		in stock	50.00 USD	Lake Erie Clothing Company	new	Apparel & Accessories > Clothing > Outerwear > Hoodies & Sweatshirts	cc1f9f54-a555-4977-8a52-fd63b3f622e8	See product page	XL	unisex	adult
c17bfee5-52d1-4208-9082-bb8f4a4b205c	Always Fresh Sometimes Frozen Tee	Always Fresh Sometimes Frozen Tee	https://www.lakeerieclothing.com/product-page/always-fresh-sometimes-frozen-tee	https://static.wixstatic.com/media/e35453_68a8ce81d0184689a26f23e7d0791e66~mv2.png		in stock	28.00 USD	Lake Erie Clothing Company	new	Apparel & Accessories > Clothing > Shirts & Tops	f27e655b-0f5e-4ae8-a4af-341210f5eee8	See product page	XS	unisex	adult
60d9c213-7555-4f53-ab62-a34253a5f688	Always Fresh Sometimes Frozen Tee	Always Fresh Sometimes Frozen Tee	https://www.lakeerieclothing.com/product-page/always-fresh-sometimes-frozen-tee	https://static.wixstatic.com/media/e35453_68a8ce81d0184689a26f23e7d0791e66~mv2.png		in stock	28.00 USD	Lake Erie Clothing Company	new	Apparel & Accessories > Clothing > Shirts & Tops	f27e655b-0f5e-4ae8-a4af-341210f5eee8	See product page	S	unisex	adult
43edac8f-ddaf-4305-aa3e-ea18adbccea6	Always Fresh Sometimes Frozen Tee	Always Fresh Sometimes Frozen Tee	https://www.lakeerieclothing.com/product-page/always-fresh-sometimes-frozen-tee	https://static.wixstatic.com/media/e35453_68a8ce81d0184689a26f23e7d0791e66~mv2.png		in stock	28.00 USD	Lake Erie Clothing Company	new	Apparel & Accessories > Clothing > Shirts & Tops	f27e655b-0f5e-4ae8-a4af-341210f5eee8	See product page	M	unisex	adult
bc3cd68c-96d4-4fa0-82b3-01230410c1db	Always Fresh Sometimes Frozen Tee	Always Fresh Sometimes Frozen Tee	https://www.lakeerieclothing.com/product-page/always-fresh-sometimes-frozen-tee	https://static.wixstatic.com/media/e35453_68a8ce81d0184689a26f23e7d0791e66~mv2.png		in stock	28.00 USD	Lake Erie Clothing Company	new	Apparel & Accessories > Clothing > Shirts & Tops	f27e655b-0f5e-4ae8-a4af-341210f5eee8	See product page	L	unisex	adult
8547d1ea-1c7e-413f-9f3f-3bcc9dbf8723	Always Fresh Sometimes Frozen Tee	Always Fresh Sometimes Frozen Tee	https://www.lakeerieclothing.com/product-page/always-fresh-sometimes-frozen-tee	https://static.wixstatic.com/media/e35453_68a8ce81d0184689a26f23e7d0791e66~mv2.png		in stock	28.00 USD	Lake Erie Clothing Company	new	Apparel & Accessories > Clothing > Shirts & Tops	f27e655b-0f5e-4ae8-a4af-341210f5eee8	See product page	XL	unisex	adult
8d5d7644-100a-404b-a7d8-58079170140b	Always Fresh Sometimes Frozen Hoodie	Always Fresh Sometimes Frozen Hoodie	https://www.lakeerieclothing.com/product-page/always-fresh-sometimes-frozen-hoodie	https://static.wixstatic.com/media/e35453_ee1d7282baad4cffa2c833d33b4a4a19~mv2.png		in stock	65.00 USD	Lake Erie Clothing Company	new	Apparel & Accessories > Clothing > Outerwear > Hoodies & Sweatshirts	409ff93e-25f0-43e3-a3dd-9c0d94c52b36	See product page	XS	unisex	adult
3eb63e2f-d587-4fc6-aa9d-43c7b64c65e6	Always Fresh Sometimes Frozen Hoodie	Always Fresh Sometimes Frozen Hoodie	https://www.lakeerieclothing.com/product-page/always-fresh-sometimes-frozen-hoodie	https://static.wixstatic.com/media/e35453_ee1d7282baad4cffa2c833d33b4a4a19~mv2.png		in stock	65.00 USD	Lake Erie Clothing Company	new	Apparel & Accessories > Clothing > Outerwear > Hoodies & Sweatshirts	409ff93e-25f0-43e3-a3dd-9c0d94c52b36	See product page	S	unisex	adult
08788fdf-2c9f-442c-975a-d54aa6acd555	Always Fresh Sometimes Frozen Hoodie	Always Fresh Sometimes Frozen Hoodie	https://www.lakeerieclothing.com/product-page/always-fresh-sometimes-frozen-hoodie	https://static.wixstatic.com/media/e35453_ee1d7282baad4cffa2c833d33b4a4a19~mv2.png		in stock	65.00 USD	Lake Erie Clothing Company	new	Apparel & Accessories > Clothing > Outerwear > Hoodies & Sweatshirts	409ff93e-25f0-43e3-a3dd-9c0d94c52b36	See product page	M	unisex	adult
d5d25a63-e87c-4358-a78d-5b04d04ab7fd	Always Fresh Sometimes Frozen Hoodie	Always Fresh Sometimes Frozen Hoodie	https://www.lakeerieclothing.com/product-page/always-fresh-sometimes-frozen-hoodie	https://static.wixstatic.com/media/e35453_ee1d7282baad4cffa2c833d33b4a4a19~mv2.png		in stock	65.00 USD	Lake Erie Clothing Company	new	Apparel & Accessories > Clothing > Outerwear > Hoodies & Sweatshirts	409ff93e-25f0-43e3-a3dd-9c0d94c52b36	See product page	L	unisex	adult
16cf1a32-5a8d-4ab4-8a01-f9ac61f3a28a	Always Fresh Sometimes Frozen Hoodie	Always Fresh Sometimes Frozen Hoodie	https://www.lakeerieclothing.com/product-page/always-fresh-sometimes-frozen-hoodie	https://static.wixstatic.com/media/e35453_ee1d7282baad4cffa2c833d33b4a4a19~mv2.png		in stock	65.00 USD	Lake Erie Clothing Company	new	Apparel & Accessories > Clothing > Outerwear > Hoodies & Sweatshirts	409ff93e-25f0-43e3-a3dd-9c0d94c52b36	See product page	XL	unisex	adult
797484a7-e5ab-4d61-b3af-fedc41b15e4a	Surf With Passion Velveteen Plush Blanket	Surf With Passion Velveteen Plush Blanket	https://www.lakeerieclothing.com/product-page/velveteen-plush-blanket	https://static.wixstatic.com/media/e35453_bb7458fb9c2f4160a6335c8fd16a0882~mv2.png		in stock	38.00 USD	Lake Erie Clothing Company	new	Home & Garden > Linens & Bedding > Blankets & Throws	c375d715-b81b-4bf9-8abe-b5a76253c452	See product page	"50"" × 60"""		
7895d60e-533b-4f49-94c0-4f702764129d	Surf With Passion Velveteen Plush Blanket	Surf With Passion Velveteen Plush Blanket	https://www.lakeerieclothing.com/product-page/velveteen-plush-blanket	https://static.wixstatic.com/media/e35453_bb7458fb9c2f4160a6335c8fd16a0882~mv2.png		in stock	50.00 USD	Lake Erie Clothing Company	new	Home & Garden > Linens & Bedding > Blankets & Throws	c375d715-b81b-4bf9-8abe-b5a76253c452	See product page	"60"" × 80"""		
e8670ca8-d657-4861-a0a4-c12ada84ffcb	Surf With Passion Velveteen Plush Blanket	Surf With Passion Velveteen Plush Blanket	https://www.lakeerieclothing.com/product-page/velveteen-plush-blanket	https://static.wixstatic.com/media/e35453_bb7458fb9c2f4160a6335c8fd16a0882~mv2.png		in stock	24.00 USD	Lake Erie Clothing Company	new	Home & Garden > Linens & Bedding > Blankets & Throws	c375d715-b81b-4bf9-8abe-b5a76253c452	See product page	"30"" × 40"""		
66f777a0-7e29-4855-90b5-ed2e3dae8cfb	Cedar Point Beach Crew Can Cooler/Drink Sleeve	Cedar Point Beach Crew Can Cooler/Drink Sleeve	https://www.lakeerieclothing.com/product-page/gemini-said-cedar-point-beach-crew-can-coolerdrink-sleeve	https://static.wixstatic.com/media/e35453_e3adc1db3ce2451c9d97da048a766f3d~mv2.png		in stock	6.00 USD	Lake Erie Clothing Company	new	Home & Garden > Kitchen & Dining > Tableware > Drinkware					
24a42ee5-6b9e-47e8-9f08-5ed71d1172a6	Surf With Passion Sticker	Surf With Passion Sticker	https://www.lakeerieclothing.com/product-page/surf-with-passion-sticker	https://static.wixstatic.com/media/e35453_d6c56f9e421c4d889284b2f790f66512~mv2.png		in stock	4.00 USD	Lake Erie Clothing Company	new	Arts & Entertainment > Hobbies & Creative Arts > Crafts					
5c852da2-dc3f-47bd-8afb-99941104b6b6	"Put-in-Bay Tunnel ""Authorized Vehicle"" Magnet"	"Put-in-Bay Tunnel ""Authorized Vehicle"" Magnet"	https://www.lakeerieclothing.com/product-page/put-in-bay-tunnel-authorized-vehicle-magnet	https://static.wixstatic.com/media/e35453_8e09dd21d91b40e698b431801e004a0a~mv2.png		in stock	6.00 USD	Lake Erie Clothing Company	new	Vehicles & Parts > Vehicle Accessories > Vehicle Maintenance, Care & Decor > Vehicle Decor > Vehicle Magnets					
4fae096e-9140-47fa-951e-fd84328d7ab5	"Put-In-Bay Tunnel ""Authorized Vehicle"" Sticker"	"Put-In-Bay Tunnel ""Authorized Vehicle"" Sticker"	https://www.lakeerieclothing.com/product-page/put-in-bay-tunnel-authorized-vehicle-sticker	https://static.wixstatic.com/media/e35453_2af85a8b2a3941c296191bbf62c8b055~mv2.png		in stock	4.00 USD	Lake Erie Clothing Company	new	Arts & Entertainment > Hobbies & Creative Arts > Crafts					
b41fb006-858f-4e73-9c97-75cd7a8ce746	Get Hooked Lake Erie Car Magnet	Get Hooked Lake Erie Car Magnet	https://www.lakeerieclothing.com/product-page/get-hooked-lake-erie-car-magnet	https://static.wixstatic.com/media/e35453_9cf90373563d4f1cbb4096ddfdc5bb8b~mv2.png		in stock	6.00 USD	Lake Erie Clothing Company	new	Vehicles & Parts > Vehicle Accessories > Vehicle Maintenance, Care & Decor > Vehicle Decor > Vehicle Magnets					
99a654c1-0110-4b1b-9075-e9b58cbe4c6a	Lake Erie Sunsets Candle	Lake Erie Sunsets Candle	https://www.lakeerieclothing.com/product-page/lake-erie-sunsets-candle	https://static.wixstatic.com/media/e35453_37c55913f70f4ef2874778ebd619d973~mv2.png		in stock	20.00 USD	Lake Erie Clothing Company	new	Home & Garden > Decor > Candles & Candle Holders > Candles					
9a4e14cd-740b-4a2f-bd17-605e2879e460	Lake Erie Sunsets Ceramic Mug	Lake Erie Sunsets Ceramic Mug	https://www.lakeerieclothing.com/product-page/lake-erie-sunsets-ceramic-mug	https://static.wixstatic.com/media/e35453_512df86da582489eb799495172c28fd4~mv2.png		in stock	10.00 USD	Lake Erie Clothing Company	new	Home & Garden > Kitchen & Dining > Tableware > Drinkware > Mugs					
0b58c3a2-2694-4b43-b1ce-62f1759a1b4d	Get Hooked Ceramic Mug	Get Hooked Ceramic Mug	https://www.lakeerieclothing.com/product-page/get-hooked-ceramic-mug	https://static.wixstatic.com/media/e35453_212b81b2e20945a6a3f71b4912543b9b~mv2.png		in stock	10.00 USD	Lake Erie Clothing Company	new	Home & Garden > Kitchen & Dining > Tableware > Drinkware > Mugs					
